"tag","match_type","num"
"Capabilities/Contents/CoverageSummary/Metadata/@href","uuid",40
"Capabilities/Contents/ObservationOfferingList/ObservationOffering/featureOfInterest/@href","urn",8
"Capabilities/Contents/ObservationOfferingList/ObservationOffering/name","urn",326
"Capabilities/Contents/ObservationOfferingList/ObservationOffering/procedure/@href","urn",2202
"Capabilities/OperationsMetadata/ExtendedCapabilities/Conformity/Specification/ResourceLocator/URL","urn",9
"Capabilities/OperationsMetadata/Operation/DCP/HTTP/Post/@href","cooluri",1
"Capabilities/OperationsMetadata/Operation/Parameter/AllowedValues/Value","urn",3
"Capabilities/OperationsMetadata/Operation/Parameter/Value","urn",3
"capabilities/urls/a/@cache","cooluri",2
"DescribeSensorResponse/description/SensorDescription/data/System/components/ComponentList/component/Component/identification/IdentifierList/identifier/@name","text",2
"DescribeSensorResponse/description/SensorDescription/data/System/components/ComponentList/component/Component/identification/IdentifierList/identifier/Term/value","text",472
"DescribeSensorResponse/description/SensorDescription/data/System/identification/IdentifierList/identifier/Term/value","text",1
"DIF/Data_Set_Citation/Dataset_DOI","doi",1
"DIF/Entry_ID","urn",88
"DIF/Entry_ID","uuid",4
"DIF/Entry_ID","text",3
"DIF/Reference","doi",4
"DIF/Related_URL/URL","uuid",124
"DIF/Related_URL/URL","doi",4
"DIF/Summary/Abstract","urn",4
"DIF/Summary/Abstract","doi",2
"DS_Series/seriesMetadata/MD_Metadata/fileIdentifier/CharacterString","text",106
"DS_Series/seriesMetadata/MI_Metadata/identificationInfo/MD_DataIdentification/citation/CI_Citation/identifier/MD_Identifier/code/Anchor","doi",25
"DS_Series/seriesMetadata/MI_Metadata/identificationInfo/MD_DataIdentification/citation/CI_Citation/identifier/MD_Identifier/code/Anchor/@actuate","text",25
"DS_Series/seriesMetadata/MI_Metadata/identificationInfo/MD_DataIdentification/citation/CI_Citation/identifier/MD_Identifier/code/Anchor/@href","doi",50
"DS_Series/seriesMetadata/MI_Metadata/identificationInfo/MD_DataIdentification/citation/CI_Citation/identifier/MD_Identifier/code/CharacterString","text",75
"DS_Series/seriesMetadata/MI_Metadata/identificationInfo/MD_DataIdentification/citation/CI_Citation/identifier/MD_Identifier/codeSpace/CharacterString","text",40
"DS_Series/seriesMetadata/MI_Metadata/identificationInfo/MD_DataIdentification/citation/CI_Citation/identifier/MD_Identifier/description/CharacterString","text",100
"eml/additionalMetadata/metadata/gbif/bibliography/citation","doi",6
"eml/additionalMetadata/metadata/gbif/bibliography/citation/@identifier","doi",3
"eml/additionalMetadata/metadata/gbif/citation","doi",110
"eml/additionalMetadata/metadata/gbif/citation/@identifier","doi",15
"eml/additionalMetadata/metadata/gbif/physical/distribution/online/url","uuid",7
"eml/additionalMetadata/metadata/gbif/replaces","uuid",13
"eml/dataset/abstract/section/para","doi",1
"eml/dataset/alternateIdentifier","doi",277
"eml/dataset/alternateIdentifier","uuid",38
"eml/dataset/coverage/geographicCoverage/geographicDescription","urn",10
"eml/dataset/coverage/geographicCoverage/geographicDescription","cooluri",1
"eml/dataset/dataTable/attributeList/attribute/attributeDefinition","cooluri",1
"eml/dataset/dataTable/attributeList/attribute/attributeDefinition","urn",1
"eml/dataset/dataTable/entityDescription","urn",3
"eml/dataset/distribution/online/url","md5",70
"eml/dataset/distribution/online/url","doi",3
"eml/dataset/@id","cooluri",88
"eml/dataset/maintenance/description/para/literalLayout","cooluri",1
"eml/dataset/methods/methodStep/description/para/literalLayout","doi",2
"eml/dataset/methods/methodStep/description/section/para/literalLayout","doi",2
"eml/@packageId","uuid",242
"GetRecordByIdResponse/DIF/Originating_Center","uuid",3
"GetRecordByIdResponse/entry/link/@href","uuid",3
"GetRecordByIdResponse/ExtrinsicObject/@lid","uuid",20
"GetRecordByIdResponse/MD_Metadata/distributionInfo/MD_Distribution/transferOptions/MD_DigitalTransferOptions/onLine/CI_OnlineResource/linkage/URL","doi",66
"GetRecordByIdResponse/MD_Metadata/fileIdentifier/CharacterString","uuid",132
"GetRecordByIdResponse/MD_Metadata/fileIdentifier/CharacterString","text",3
"GetRecordByIdResponse/MD_Metadata/identificationInfo/MD_DataIdentification/citation/CI_Citation/identifier/MD_Identifier/code/CharacterString","text",89
"GetRecordByIdResponse/MD_Metadata/identificationInfo/MD_DataIdentification/citation/CI_Citation/identifier/RS_Identifier/code/CharacterString","text",6
"GetRecordByIdResponse/MD_Metadata/identificationInfo/MD_DataIdentification/citation/CI_Citation/identifier/RS_Identifier/code/PT_FreeText/textGroup/LocalisedCharacterString","text",4
"GetRecordByIdResponse/MD_Metadata/identificationInfo/MD_DataIdentification/citation/CI_Citation/identifier/RS_Identifier/code/PT_FreeText/textGroup/LocalisedCharacterString/@locale","text",8
"GetRecordByIdResponse/MD_Metadata/identificationInfo/MD_DataIdentification/citation/CI_Citation/identifier/RS_Identifier/codeSpace/CharacterString","text",6
"GetRecordByIdResponse/MD_Metadata/identificationInfo/MD_DataIdentification/citation/CI_Citation/identifier/RS_Identifier/code/@type","text",4
"GetRecordByIdResponse/MD_Metadata/identificationInfo/MD_DataIdentification/extent/EX_Extent/temporalElement/EX_TemporalExtent/extent/TimePeriod/@id","uuid",3
"GetRecordByIdResponse/MD_Metadata/identificationInfo/SV_ServiceIdentification/citation/CI_Citation/identifier/MD_Identifier/code/CharacterString","text",10
"GetRecordByIdResponse/MD_Metadata/identificationInfo/SV_ServiceIdentification/operatesOn/@href","uuid",27
"GetRecordByIdResponse/metadata/idinfo/datasetid","uuid",26
"GetRecordByIdResponse/Record/identifier","uuid",18
"GetRecordsResponse/SearchResults/MD_Metadata/contentInfo/MD_FeatureCatalogueDescription/featureCatalogueCitation/@uuidref","uuid",18
"GetRecordsResponse/SearchResults/MD_Metadata/dataQualityInfo/DQ_DataQuality/report/DQ_ThematicClassificationCorrectness/result/DQ_QuantitativeResult/valueUnit/UnitDefinition/identifier/@codeSpace","text",2
"GetRecordsResponse/SearchResults/MD_Metadata/fileIdentifier/CharacterString","uuid",22
"GetRecordsResponse/SearchResults/MD_Metadata/fileIdentifier/CharacterString","md5",3
"GetRecordsResponse/SearchResults/MD_Metadata/identificationInfo/MD_DataIdentification/aggregationInfo/MD_AggregateInformation/aggregateDataSetIdentifier/MD_Identifier/code/CharacterString","uuid",14
"GetRecordsResponse/SearchResults/MD_Metadata/identificationInfo/MD_DataIdentification/aggregationInfo/MD_AggregateInformation/aggregateDataSetName/CI_Citation/identifier/MD_Identifier/code/CharacterString","uuid",14
"GetRecordsResponse/SearchResults/MD_Metadata/identificationInfo/MD_DataIdentification/citation/CI_Citation/identifier/MD_Identifier/code/CharacterString","uuid",20
"GetRecordsResponse/SearchResults/MD_Metadata/identificationInfo/MD_DataIdentification/extent/EX_Extent/verticalElement/EX_VerticalExtent/verticalCRS/VerticalCRS/identifier/@codeSpace","text",2
"MD_Metadata/dataQualityInfo/DQ_DataQuality/lineage/LI_Lineage/source/LI_Source/sourceCitation/CI_Citation/identifier/MD_Identifier/code/CharacterString","text",18
"MD_Metadata/dataQualityInfo/DQ_DataQuality/lineage/LI_Lineage/source/LI_Source/sourceCitation/CI_Citation/identifier/MD_Identifier/code/CharacterString","md5",4
"MD_Metadata/dataQualityInfo/DQ_DataQuality/lineage/LI_Lineage/source/@uuidref","uuid",2
"MD_Metadata/dataQualityInfo/DQ_DataQuality/lineage/LI_Lineage/statement/CharacterString","uuid",704
"MD_Metadata/dataQualityInfo/DQ_DataQuality/lineage/LI_Lineage/statement/CharacterString","urn",30
"MD_Metadata/dataQualityInfo/DQ_DataQuality/lineage/LI_Lineage/statement/CharacterString","doi",12
"MD_Metadata/dataQualityInfo/DQ_DataQuality/lineage/LI_Lineage/statement/CharacterString","cooluri",4
"MD_Metadata/dataQualityInfo/DQ_DataQuality/report/DQ_DomainConsistency/result/DQ_ConformanceResult/explanation/CharacterString","urn",34
"MD_Metadata/dataQualityInfo/DQ_DataQuality/report/DQ_DomainConsistency/result/DQ_ConformanceResult/specification/@href","urn",3
"MD_Metadata/dataSetURI/CharacterString","text",1282
"MD_Metadata/dataSetURI/CharacterString","doi",10
"MD_Metadata/distributionInfo/MD_Distribution/transferOptions/MD_DigitalTransferOptions/@id","uuid",7857
"MD_Metadata/distributionInfo/MD_Distribution/transferOptions/MD_DigitalTransferOptions/onLine/CI_OnlineResource/description/CharacterString","doi",11
"MD_Metadata/distributionInfo/MD_Distribution/transferOptions/MD_DigitalTransferOptions/onLine/CI_OnlineResource/linkage/URL","md5",1629
"MD_Metadata/distributionInfo/MD_Distribution/transferOptions/MD_DigitalTransferOptions/onLine/CI_OnlineResource/linkage/URL","uuid",300
"MD_Metadata/distributionInfo/MD_Distribution/transferOptions/MD_DigitalTransferOptions/onLine/CI_OnlineResource/linkage/URL","doi",31
"MD_Metadata/distributionInfo/MD_Distribution/transferOptions/MD_DigitalTransferOptions/onLine/CI_OnlineResource/linkage/URL","cooluri",14
"MD_Metadata/distributionInfo/MD_Distribution/transferOptions/MD_DigitalTransferOptions/onLine/CI_OnlineResource/protocol/CharacterString","urn",2
"MD_Metadata/distributionInfo/MD_Distribution/transferOptions/MD_DigitalTransferOptions/onLine/@role","urn",6
"MD_Metadata/Esri/MetaID","uuid",9
"MD_Metadata/fileIdentifier/CharacterString","uuid",6171
"MD_Metadata/fileIdentifier/CharacterString","text",1694
"MD_Metadata/fileIdentifier/CharacterString","md5",1058
"MD_Metadata/fileIdentifier/CharacterString","urn",118
"MD_Metadata/hierarchyLevel/MD_ScopeCode","urn",267
"MD_Metadata/identificationInfo/MD_DataIdentification/abstract/CharacterString","md5",59
"MD_Metadata/identificationInfo/MD_DataIdentification/abstract/CharacterString","doi",6
"MD_Metadata/identificationInfo/MD_DataIdentification/abstract/CharacterString","urn",5
"MD_Metadata/identificationInfo/MD_DataIdentification/citation/CI_Citation/citedResponsibleParty/CI_ResponsibleParty/contactInfo/CI_Contact/onlineResource/CI_OnlineResource/linkage/URL","uuid",1
"MD_Metadata/identificationInfo/MD_DataIdentification/citation/CI_Citation/edition/CharacterString","uuid",17
"MD_Metadata/identificationInfo/MD_DataIdentification/citation/CI_Citation/identifier/MD_Identifier/authority/CI_Citation/date/CI_Date/date/Date","text",1
"MD_Metadata/identificationInfo/MD_DataIdentification/citation/CI_Citation/identifier/MD_Identifier/authority/CI_Citation/date/CI_Date/dateType/CI_DateTypeCode","text",1
"MD_Metadata/identificationInfo/MD_DataIdentification/citation/CI_Citation/identifier/MD_Identifier/authority/CI_Citation/title/CharacterString","text",9
"MD_Metadata/identificationInfo/MD_DataIdentification/citation/CI_Citation/identifier/MD_Identifier/authority/@title","text",1
"MD_Metadata/identificationInfo/MD_DataIdentification/citation/CI_Citation/identifier/MD_Identifier/code/CharacterString","text",1491
"MD_Metadata/identificationInfo/MD_DataIdentification/citation/CI_Citation/identifier/MD_Identifier/code/CharacterString","uuid",35
"MD_Metadata/identificationInfo/MD_DataIdentification/citation/CI_Citation/identifier/MD_Identifier/code/FileName/@src","text",1
"MD_Metadata/identificationInfo/MD_DataIdentification/citation/CI_Citation/identifier/MD_Identifier/@id","text",2
"MD_Metadata/identificationInfo/MD_DataIdentification/citation/CI_Citation/identifier/RS_Identifier/authority/CI_Citation/date/CI_Date/date/Date","text",12
"MD_Metadata/identificationInfo/MD_DataIdentification/citation/CI_Citation/identifier/RS_Identifier/authority/CI_Citation/date/CI_Date/dateType/CI_DateTypeCode","text",12
"MD_Metadata/identificationInfo/MD_DataIdentification/citation/CI_Citation/identifier/RS_Identifier/authority/CI_Citation/title/CharacterString","text",12
"MD_Metadata/identificationInfo/MD_DataIdentification/citation/CI_Citation/identifier/RS_Identifier/code/CharacterString","text",2110
"MD_Metadata/identificationInfo/MD_DataIdentification/citation/CI_Citation/identifier/RS_Identifier/code/CharacterString","uuid",18
"MD_Metadata/identificationInfo/MD_DataIdentification/citation/CI_Citation/identifier/RS_Identifier/code/CharacterString","doi",11
"MD_Metadata/identificationInfo/MD_DataIdentification/citation/CI_Citation/identifier/RS_Identifier/codeSpace/CharacterString","text",2162
"MD_Metadata/identificationInfo/MD_DataIdentification/citation/CI_Citation/identifier/RS_Identifier/version/CharacterString","text",3
"MD_Metadata/identificationInfo/MD_DataIdentification/citation/identifier/RS_Identifier/code/CharacterString","text",3
"MD_Metadata/identificationInfo/MD_DataIdentification/descriptiveKeywords/MD_Keywords/keyword/CharacterString","urn",5007
"MD_Metadata/identificationInfo/MD_DataIdentification/descriptiveKeywords/MD_Keywords/keyword/CharacterString","doi",1
"MD_Metadata/identificationInfo/MD_DataIdentification/descriptiveKeywords/MD_Keywords/thesaurusName/CI_Citation/identifier/MD_Identifier/code/Anchor","text",42
"MD_Metadata/identificationInfo/MD_DataIdentification/descriptiveKeywords/MD_Keywords/thesaurusName/@href","cooluri",343
"MD_Metadata/identificationInfo/MD_DataIdentification/descriptiveKeywords/MD_Keywords/thesaurusName/@uuidref","uuid",34
"MD_Metadata/identificationInfo/MD_DataIdentification/extent/EX_Extent/temporalElement/EX_TemporalExtent/extent/TimePeriod/@id","uuid",1012
"MD_Metadata/identificationInfo/MD_DataIdentification/graphicOverview/MD_BrowseGraphic/fileName/CharacterString","uuid",3
"MD_Metadata/identificationInfo/MD_DataIdentification/resourceConstraints/MD_LegalConstraints/otherConstraints/CharacterString","doi",2
"MD_Metadata/identificationInfo/MD_DataIdentification/resourceConstraints/MD_LegalConstraints/otherConstraints/CharacterString","urn",1
"MD_Metadata/identificationInfo/MD_DataIdentification/resourceConstraints/MD_LegalConstraints/useLimitation/CharacterString","doi",97
"MD_Metadata/identificationInfo/MD_DataIdentification/resourceConstraints/MD_LegalConstraints/useLimitation/CharacterString","uuid",10
"MD_Metadata/identificationInfo/MD_DataIdentification/resourceFormat/MD_Format/name/CharacterString","cooluri",22
"MD_Metadata/identificationInfo/MD_DataIdentification/resourceFormat/MD_Format/name/CharacterString","md5",17
"MD_Metadata/identificationInfo/MD_DataIdentification/supplementalInformation/CharacterString","md5",23
"MD_Metadata/identificationInfo/MD_DataIdentification/supplementalInformation/CharacterString","doi",6
"MD_Metadata/identificationInfo/MD_DataIdentification/supplementalInformation/CharacterString","urn",1
"MD_Metadata/identificationInfo/SDN_DataIdentification/extent/EX_Extent/verticalElement/EX_VerticalExtent/verticalCRS/VerticalCRS/verticalDatum/VerticalDatum/identifier/@codeSpace","text",2
"MD_Metadata/identificationInfo/SV_ServiceIdentification/citation/CI_Citation/identifier/MD_Identifier/code/CharacterString","uuid",9
"MD_Metadata/identificationInfo/SV_ServiceIdentification/citation/CI_Citation/identifier/MD_Identifier/code/CharacterString","text",4
"MD_Metadata/identificationInfo/SV_ServiceIdentification/citation/CI_Citation/identifier/RS_Identifier/code/CharacterString","text",67
"MD_Metadata/identificationInfo/SV_ServiceIdentification/citation/CI_Citation/identifier/RS_Identifier/code/CharacterString","uuid",4
"MD_Metadata/identificationInfo/SV_ServiceIdentification/citation/CI_Citation/identifier/RS_Identifier/codeSpace/CharacterString","text",63
"MD_Metadata/identificationInfo/SV_ServiceIdentification/containsOperations/SV_OperationMetadata/connectPoint/CI_OnlineResource/linkage/URL","uuid",382
"MD_Metadata/identificationInfo/SV_ServiceIdentification/extent/EX_Extent/temporalElement/EX_TemporalExtent/extent/TimePeriod/@id","uuid",27
"MD_Metadata/identificationInfo/SV_ServiceIdentification/operatesOn/@href","uuid",32
"MD_Metadata/identificationInfo/SV_ServiceIdentification/operatesOn/@uuidref","md5",8
"MD_Metadata/identificationInfo/SV_ServiceIdentification/operatesOn/@uuidref","uuid",2
"MD_Metadata/parentIdentifier/CharacterString","md5",703
"MD_Metadata/parentIdentifier/CharacterString","uuid",130
"MD_Metadata/parentIdentifier/CharacterString","urn",117
"MD_Metadata/parentIdentifier/CharacterString","text",93
"MD_Metadata/referenceSystemInfo/MD_ReferenceSystem/referenceSystemIdentifier/RS_Identifier/authority/CI_Citation/identifier/MD_Identifier/code/CharacterString","text",30
"metadata/abstract","doi",2
"metadata/abstract","cooluri",1
"metadata/Binary/Enclosure/Data","cooluri",1
"metadata/Binary/Enclosure/Data/@SourceMetadataDigest","md5",61
"metadata/Binary/Thumbnail/img","cooluri",88
"metadata/citation","doi",19
"metadata/common_information/metadata_source/url","uuid",115
"Metadata/dataIdInfo/dataExt/vertEle/vertDatum/datumId/identCode/@SDNIdent","urn",1
"Metadata/dataIdInfo/dataScale/scaleDist/uom/UomTime/uomName/@SDNIdent","urn",1
"Metadata/dataIdInfo/descKeys/keyword/@SDNIdent","urn",35
"metadata/dataIdInfo/descKeys/thesaName/@uuidref","uuid",428
"metadata/dataIdInfo/idAbs","uuid",18
"metadata/dataIdInfo/idAbs","cooluri",15
"metadata/dataIdInfo/idAbs","md5",14
"metadata/dataIdInfo/idAbs","doi",5
"Metadata/dataIdInfo/idCitation/citRespParty/rpOrgName/@SDNIdent","urn",10
"metadata/dataIdInfo/idCitation/otherCitDet","doi",10
"Metadata/dataIdInfo/idCitation/resTitle/@SDNIdent","urn",7
"metadata/dataIdInfo/idPoC/editorDigest","md5",3
"Metadata/dataIdInfo/idPoC/rpOrgName/@SDNIdent","urn",1
"metadata/dataIdInfo/idPurp","doi",4
"metadata/dataIdInfo/otherKeys/thesaName/@uuidref","uuid",5
"Metadata/dataIdInfo/resConst/LegConsts/accessConsts/@SDNIdent","urn",3
"metadata/dataIdInfo/resMaint/maintCont/editorDigest","md5",4
"metadata/dataqual/attracc/attraccr","doi",2
"metadata/dataqual/attracc/attraccr","urn",1
"metadata/dataqual/complete","cooluri",2
"metadata/dataqual/complete","doi",1
"metadata/dataqual/lineage/method/methcite/citeinfo/onlink","doi",4
"metadata/dataqual/lineage/method/methcite/citeinfo/onlink","md5",4
"metadata/dataqual/lineage/method/methdesc","urn",2
"metadata/dataqual/lineage/procstep/procdesc","cooluri",3703
"metadata/dataqual/lineage/procstep/procdesc","urn",44
"metadata/dataqual/lineage/procstep/procdesc","doi",34
"metadata/dataqual/lineage/procstep/procdesc","md5",9
"metadata/dataqual/lineage/procstep/procdesc","uuid",4
"metadata/dataqual/lineage/procstep/srcused","cooluri",7
"metadata/dataqual/lineage/procstep/srcused","md5",7
"metadata/dataqual/lineage/srcinfo/srccite/citeinfo/onlink","doi",56
"metadata/dataqual/lineage/srcinfo/srccite/citeinfo/onlink","uuid",21
"metadata/dataqual/lineage/srcinfo/srccite/citeinfo/onlink","md5",8
"metadata/dataqual/lineage/srcinfo/srccite/citeinfo/onlink","urn",5
"metadata/dataqual/lineage/srcinfo/srccite/citeinfo/onlink","cooluri",5
"metadata/dataqual/lineage/srcinfo/srccite/citeinfo/origin","doi",1
"metadata/dataqual/lineage/srcinfo/srccite/citeinfo/othercit","doi",7
"metadata/dataqual/lineage/srcinfo/srccontr","uuid",1
"metadata/dataqual/lineage/srcinfo/srccontr","urn",1
"metadata/dataqual/lineage/srcinfo/srcscale","urn",1
"metadata/dataqual/posacc/horizpa/horizpar","cooluri",9
"metadata/dataqual/posacc/horizpa/horizpar","doi",2
"metadata/dataqual/posacc/horizpa/horizpar","urn",1
"metadata/dataqual/posacc/vertacc/vertaccr","urn",1
"metadata/distinfo/custom","cooluri",1
"metadata/distinfo/custom","urn",1
"metadata/distinfo/distliab","urn",1
"metadata/distinfo/distrib/cntinfo/cntemail","urn",4
"metadata/distinfo/distrib/cntinfo/cntinst","cooluri",4
"Metadata/distInfo/distributor/distorCont/rpOrgName/@SDNIdent","urn",1
"Metadata/distInfo/distributor/distorFormat/formatName/@SDNIdent","urn",2
"metadata/distInfo/distTranOps/onLineSrc/linkage","doi",4
"metadata/distInfo/distTranOps/onLineSrc/linkage","md5",3
"metadata/distInfo/distTranOps/onLineSrc/linkage","uuid",1
"Metadata/distInfo/distTranOps/onLineSrc/protocol","urn",1
"metadata/distinfo/stdorder/digform/digtinfo/formcont","urn",5
"metadata/distinfo/stdorder/digform/digtopt/offoptn/compat","urn",22
"metadata/distinfo/stdorder/digform/digtopt/onlinopt/accinstr","doi",18
"metadata/distinfo/stdorder/digform/digtopt/onlinopt/accinstr","urn",1
"metadata/distinfo/stdorder/digform/digtopt/onlinopt/computer/networka/networkr","uuid",318
"metadata/distinfo/stdorder/digform/digtopt/onlinopt/computer/networka/networkr","urn",122
"metadata/distinfo/stdorder/digform/digtopt/onlinopt/computer/networka/networkr","doi",108
"metadata/distinfo/stdorder/digform/digtopt/onlinopt/computer/networka/networkr","md5",41
"metadata/distinfo/stdorder/ordering","urn",1
"metadata/distinfo/techpreq","cooluri",2
"metadata/doi","doi",44
"metadata/doi","uuid",28
"metadata/dqInfo/dataLineage/dataSource/srcCitatn/citOnlineRes/linkage","md5",1
"metadata/eainfo/detailed/attr/attrdef","urn",8
"metadata/eainfo/detailed/attr/attrdef","doi",2
"metadata/eainfo/detailed/attr/attrdefs","uuid",1
"metadata/eainfo/detailed/attr/attrdomv/codesetd/codesetn","urn",1
"metadata/eainfo/detailed/attr/attrdomv/edom/edomvd","cooluri",1
"metadata/eainfo/detailed/attr/attrdomv/edom/edomvd","urn",1
"metadata/eainfo/detailed/attr/attrdomv/rdom/attrunit","urn",9
"metadata/eainfo/detailed/attr/attrdomv/rdom/rdommax","urn",1
"metadata/eainfo/detailed/attr/attrdomv/udom","urn",13
"metadata/eainfo/detailed/attr/attrdomv/udom","cooluri",4
"metadata/eainfo/detailed/attr/attrlabl","urn",2
"metadata/eainfo/detailed/attr/attrvai/attrva","md5",6
"metadata/eainfo/detailed/enttyp/enttypds","urn",2
"metadata/eainfo/overview/eadetcit","urn",27
"metadata/eainfo/overview/eadetcit","doi",15
"metadata/eainfo/overview/eadetcit","md5",1
"metadata/eainfo/overview/eaover","urn",8
"metadata/eainfo/overview/eaover","cooluri",1
"metadata/eainfo/overview/eaover","doi",1
"metadata/eainfo/overview/eaover","md5",1
"metadata/Esri/DataProperties/lineage/Process","uuid",242
"metadata/Esri/Locator/Properties/CLSID","uuid",10
"metadata/Esri/Locator/Properties/UICLSID","uuid",10
"metadata/Esri/MetaID","uuid",4559
"metadata/Esri/PublishedDocID","uuid",444
"metadata/identifier","urn",19
"metadata/identifier/@qualifier","text",45
"metadata/idinfo/accconst","urn",42
"metadata/idinfo/agginfo/compinfo/aggmemid/datsetid","text",1
"metadata/idinfo/agginfo/conpckid/datsetid","text",15
"metadata/idinfo/browse/browseem","cooluri",61
"metadata/idinfo/browse/browseem","md5",1
"metadata/idinfo/browse/browsen","cooluri",44
"metadata/idinfo/browse/browsen","uuid",22
"metadata/idinfo/browse/browsen","doi",1
"metadata/idinfo/citation/citeinfo/lworkcit/citeinfo/onlink","doi",211
"metadata/idinfo/citation/citeinfo/lworkcit/citeinfo/onlink","uuid",52
"metadata/idinfo/citation/citeinfo/lworkcit/citeinfo/onlink","urn",22
"metadata/idinfo/citation/citeinfo/lworkcit/citeinfo/onlink","md5",5
"metadata/idinfo/citation/citeinfo/lworkcit/citeinfo/serinfo/issue","doi",17
"metadata/idinfo/citation/citeinfo/onlink","doi",619
"metadata/idinfo/citation/citeinfo/onlink","md5",269
"metadata/idinfo/citation/citeinfo/onlink","urn",26
"metadata/idinfo/citation/citeinfo/onlink","uuid",11
"metadata/idinfo/citation/citeinfo/origin","doi",14
"metadata/idinfo/citation/citeinfo/othercit","doi",28
"metadata/idinfo/citation/citeinfo/othercit","cooluri",1
"metadata/idinfo/citation/citeinfo/othercit","urn",1
"metadata/idinfo/citation/citeinfo/pubinfo/publish","doi",11
"metadata/idinfo/citation/citeinfo/title/@catid","uuid",120
"metadata/idinfo/citation/citeinfo/title/@catid","urn",120
"metadata/idinfo/citation/descript/abstract","urn",2
"metadata/idinfo/citation/eainfo/detailed/attr/attrdomv/edom/edomvd","urn",3
"metadata/idinfo/citation/status/progress","cooluri",1
"metadata/idinfo/crossref/citeinfo/onlink","doi",330
"metadata/idinfo/crossref/citeinfo/onlink","md5",15
"metadata/idinfo/crossref/citeinfo/onlink","cooluri",5
"metadata/idinfo/crossref/citeinfo/onlink","uuid",2
"metadata/idinfo/crossref/citeinfo/onlink","urn",1
"metadata/idinfo/crossref/citeinfo/othercit","doi",91
"metadata/idinfo/crossref/citeinfo/othercit","cooluri",14
"metadata/idinfo/crossref/citeinfo/othercit","md5",1
"metadata/idinfo/crossref/citeinfo/title","urn",4
"metadata/idinfo/crossref/citeinfo/title","doi",3
"metadata/idinfo/datacred","doi",47
"metadata/idinfo/datsetid","text",1326
"metadata/idinfo/descript/abstract","doi",58
"metadata/idinfo/descript/abstract","md5",17
"metadata/idinfo/descript/abstract","urn",9
"metadata/idinfo/descript/abstract","cooluri",4
"metadata/idinfo/descript/abstract","uuid",2
"metadata/idinfo/descript/noaainfo/reference","doi",1
"metadata/idinfo/descript/purpose","urn",758
"metadata/idinfo/descript/purpose","cooluri",1
"metadata/idinfo/descript/supplinf","md5",116
"metadata/idinfo/descript/supplinf","urn",85
"metadata/idinfo/descript/supplinf","cooluri",58
"metadata/idinfo/descript/supplinf","doi",45
"metadata/idinfo/descript/supplinf","uuid",5
"metadata/idinfo/ptcontac/cntinfo/cntemail","urn",1
"metadata/idinfo/spdom/descgeog","urn",4
"metadata/idinfo/spdom/multimal/ovlpdtid/datsetid","text",1
"metadata/idinfo/tool/toolcite/citeinfo/onlink","cooluri",1
"metadata/idinfo/tool/toolcite/citeinfo/onlink","md5",1
"metadata/idinfo/useconst","urn",2
"metadata/idinfo/useconst","doi",1
"metadata/link_landing","uuid",3
"metadata/mdContact/editorDigest","md5",78
"Metadata/mdContact/rpOrgName/@SDNIdent","urn",2
"Metadata/mdExtInfo/extEleInfo/extEleName","urn",10
"metadata/mdFileID","uuid",207
"Metadata/mdHrLvName/@SDNIdent","urn",2
"metadata/mdMaint/maintCont/editorDigest","md5",127
"metadata/meta","uuid",19
"metadata/metainfo/metc/cntinfo/cntinst","cooluri",2
"metadata/metainfo/metc/cntinfo/hours","urn",1
"metadata/metainfo/metextns/onlink","cooluri",2
"metadata/metainfo/metuc","uuid",6
"metadata/package/description","cooluri",3
"metadata/package/format/file","cooluri",177
"metadata/package/format/requires/entry/@name","cooluri",4
"metadata/ph/methodReference","doi",2
"metadata/plmiinfo/missinfo/missdesc","urn",4
"metadata/plmiinfo/missinfo/misshist/misssige/procstep/procdesc","urn",4
"metadata/project/idinfo/descript/supplinf","doi",16
"metadata/project/idinfo/ids/projguid","uuid",42
"metadata/project/idinfo/publication/citeinfo/onlink/link","doi",26
"metadata/purpose","urn",1
"metadata/reference","doi",2
"Metadata/refSysInfo/MdCoRefSys/refSysID/identCode/@SDNIdent","urn",1
"metadata/resources/resource/resource_url","uuid",8
"Metadata/spatRepInfo/GridSpatRep/axDimProps/Dimen/dimResol/Distance/uomName/@SDNIdent","urn",2
"metadata/suppleInfo","doi",1
"metadata/variable/methodReference","doi",2
"MI_Metadata/acquisitionInformation/MI_AcquisitionInformation/instrument/@href","uuid",1
"MI_Metadata/acquisitionInformation/MI_AcquisitionInformation/instrument/MI_Instrument/citation/CI_Citation/citedResponsibleParty/CI_ResponsibleParty/contactInfo/CI_Contact/onlineResource/CI_OnlineResource/linkage/URL","md5",15
"MI_Metadata/acquisitionInformation/MI_AcquisitionInformation/instrument/MI_Instrument/citation/CI_Citation/identifier/MD_Identifier/code/CharacterString","text",21
"MI_Metadata/acquisitionInformation/MI_AcquisitionInformation/instrument/MI_Instrument/identifier/MD_Identifier/code/Anchor","text",1
"MI_Metadata/acquisitionInformation/MI_AcquisitionInformation/instrument/MI_Instrument/identifier/MD_Identifier/code/Anchor/@title","text",2
"MI_Metadata/acquisitionInformation/MI_AcquisitionInformation/instrument/MI_Instrument/identifier/MD_Identifier/code/CharacterString","text",1659
"MI_Metadata/acquisitionInformation/MI_AcquisitionInformation/instrument/MI_Instrument/identifier/@nilReason","text",1
"MI_Metadata/acquisitionInformation/MI_AcquisitionInformation/instrument/MI_Instrument/@uuid","uuid",92
"MI_Metadata/acquisitionInformation/MI_AcquisitionInformation/objective/SDN_Objective/identifier/MD_Identifier/code/CharacterString","text",7
"MI_Metadata/acquisitionInformation/MI_AcquisitionInformation/objective/SDN_Objective/objectiveOccurrence/MI_Event/identifier/MD_Identifier/code/CharacterString","text",7
"MI_Metadata/acquisitionInformation/MI_AcquisitionInformation/objective/SDN_Objective/sensingInstrument/MI_Instrument/identifier/MD_Identifier/code/CharacterString","text",7
"MI_Metadata/acquisitionInformation/MI_AcquisitionInformation/objective/SDN_Objective/sensingInstrument/MI_Instrument/mountedOn/MI_Platform/identifier/MD_Identifier/code/CharacterString","text",7
"MI_Metadata/acquisitionInformation/MI_AcquisitionInformation/operation/MI_Operation/description/CharacterString","urn",7
"MI_Metadata/acquisitionInformation/MI_AcquisitionInformation/operation/MI_Operation/identifier/MD_Identifier/authority/CI_Citation/citedResponsibleParty/CI_ResponsibleParty/contactInfo/CI_Contact/onlineResource/CI_OnlineResource/applicationProfile/CharacterString","text",4
"MI_Metadata/acquisitionInformation/MI_AcquisitionInformation/operation/MI_Operation/identifier/MD_Identifier/authority/CI_Citation/citedResponsibleParty/CI_ResponsibleParty/contactInfo/CI_Contact/onlineResource/CI_OnlineResource/description/CharacterString","text",4
"MI_Metadata/acquisitionInformation/MI_AcquisitionInformation/operation/MI_Operation/identifier/MD_Identifier/authority/CI_Citation/citedResponsibleParty/CI_ResponsibleParty/contactInfo/CI_Contact/onlineResource/CI_OnlineResource/function/CI_OnLineFunctionCode","text",4
"MI_Metadata/acquisitionInformation/MI_AcquisitionInformation/operation/MI_Operation/identifier/MD_Identifier/authority/CI_Citation/citedResponsibleParty/CI_ResponsibleParty/contactInfo/CI_Contact/onlineResource/CI_OnlineResource/name/CharacterString","text",4
"MI_Metadata/acquisitionInformation/MI_AcquisitionInformation/operation/MI_Operation/identifier/MD_Identifier/authority/CI_Citation/citedResponsibleParty/CI_ResponsibleParty/contactInfo/CI_Contact/onlineResource/CI_OnlineResource/protocol/CharacterString","text",4
"MI_Metadata/acquisitionInformation/MI_AcquisitionInformation/operation/MI_Operation/identifier/MD_Identifier/authority/CI_Citation/citedResponsibleParty/CI_ResponsibleParty/organisationName/CharacterString","text",4
"MI_Metadata/acquisitionInformation/MI_AcquisitionInformation/operation/MI_Operation/identifier/MD_Identifier/authority/CI_Citation/citedResponsibleParty/CI_ResponsibleParty/role/CI_RoleCode","text",4
"MI_Metadata/acquisitionInformation/MI_AcquisitionInformation/operation/MI_Operation/identifier/MD_Identifier/authority/CI_Citation/date/CI_Date/dateType/CI_DateTypeCode","text",4
"MI_Metadata/acquisitionInformation/MI_AcquisitionInformation/operation/MI_Operation/identifier/MD_Identifier/authority/CI_Citation/edition/CharacterString","text",4
"MI_Metadata/acquisitionInformation/MI_AcquisitionInformation/operation/MI_Operation/identifier/MD_Identifier/authority/CI_Citation/editionDate/Date","text",4
"MI_Metadata/acquisitionInformation/MI_AcquisitionInformation/operation/MI_Operation/identifier/MD_Identifier/authority/CI_Citation/title/CharacterString","text",4
"MI_Metadata/acquisitionInformation/MI_AcquisitionInformation/operation/MI_Operation/identifier/MD_Identifier/code/Anchor","text",1
"MI_Metadata/acquisitionInformation/MI_AcquisitionInformation/operation/MI_Operation/identifier/MD_Identifier/code/Anchor/@title","text",1
"MI_Metadata/acquisitionInformation/MI_AcquisitionInformation/operation/MI_Operation/identifier/MD_Identifier/code/CharacterString","text",103
"MI_Metadata/acquisitionInformation/MI_AcquisitionInformation/operation/MI_Operation/platform/MI_Platform/identifier/MD_Identifier/code/Anchor","text",1
"MI_Metadata/acquisitionInformation/MI_AcquisitionInformation/operation/MI_Operation/platform/MI_Platform/identifier/MD_Identifier/code/Anchor/@actuate","text",1
"MI_Metadata/acquisitionInformation/MI_AcquisitionInformation/operation/MI_Operation/significantEvent/MI_Event/identifier/MD_Identifier/code/CharacterString","text",2
"MI_Metadata/acquisitionInformation/MI_AcquisitionInformation/platform/@href","uuid",9
"MI_Metadata/acquisitionInformation/MI_AcquisitionInformation/platform/MI_Platform/description/CharacterString","urn",3
"MI_Metadata/acquisitionInformation/MI_AcquisitionInformation/platform/MI_Platform/identifier/MD_Identifier/authority/CI_Citation/alternateTitle/CharacterString","text",6
"MI_Metadata/acquisitionInformation/MI_AcquisitionInformation/platform/MI_Platform/identifier/MD_Identifier/authority/CI_Citation/citedResponsibleParty/CI_ResponsibleParty/contactInfo/CI_Contact/address/CI_Address/administrativeArea/CharacterString","text",2
"MI_Metadata/acquisitionInformation/MI_AcquisitionInformation/platform/MI_Platform/identifier/MD_Identifier/authority/CI_Citation/citedResponsibleParty/CI_ResponsibleParty/contactInfo/CI_Contact/address/CI_Address/city/CharacterString","text",2
"MI_Metadata/acquisitionInformation/MI_AcquisitionInformation/platform/MI_Platform/identifier/MD_Identifier/authority/CI_Citation/citedResponsibleParty/CI_ResponsibleParty/contactInfo/CI_Contact/address/CI_Address/country/CharacterString","text",2
"MI_Metadata/acquisitionInformation/MI_AcquisitionInformation/platform/MI_Platform/identifier/MD_Identifier/authority/CI_Citation/citedResponsibleParty/CI_ResponsibleParty/contactInfo/CI_Contact/address/CI_Address/deliveryPoint/CharacterString","text",2
"MI_Metadata/acquisitionInformation/MI_AcquisitionInformation/platform/MI_Platform/identifier/MD_Identifier/authority/CI_Citation/citedResponsibleParty/CI_ResponsibleParty/contactInfo/CI_Contact/address/CI_Address/electronicMailAddress/CharacterString","text",82
"MI_Metadata/acquisitionInformation/MI_AcquisitionInformation/platform/MI_Platform/identifier/MD_Identifier/authority/CI_Citation/citedResponsibleParty/CI_ResponsibleParty/contactInfo/CI_Contact/address/CI_Address/postalCode/CharacterString","text",2
"MI_Metadata/acquisitionInformation/MI_AcquisitionInformation/platform/MI_Platform/identifier/MD_Identifier/authority/CI_Citation/citedResponsibleParty/CI_ResponsibleParty/contactInfo/CI_Contact/contactInstructions/CharacterString","text",2
"MI_Metadata/acquisitionInformation/MI_AcquisitionInformation/platform/MI_Platform/identifier/MD_Identifier/authority/CI_Citation/citedResponsibleParty/CI_ResponsibleParty/contactInfo/CI_Contact/onlineResource/CI_OnlineResource/applicationProfile/CharacterString","text",2
"MI_Metadata/acquisitionInformation/MI_AcquisitionInformation/platform/MI_Platform/identifier/MD_Identifier/authority/CI_Citation/citedResponsibleParty/CI_ResponsibleParty/contactInfo/CI_Contact/onlineResource/CI_OnlineResource/description/CharacterString","text",175
"MI_Metadata/acquisitionInformation/MI_AcquisitionInformation/platform/MI_Platform/identifier/MD_Identifier/authority/CI_Citation/citedResponsibleParty/CI_ResponsibleParty/contactInfo/CI_Contact/onlineResource/CI_OnlineResource/function/CI_OnLineFunctionCode","text",95
"MI_Metadata/acquisitionInformation/MI_AcquisitionInformation/platform/MI_Platform/identifier/MD_Identifier/authority/CI_Citation/citedResponsibleParty/CI_ResponsibleParty/contactInfo/CI_Contact/onlineResource/CI_OnlineResource/linkage/URL","text",80
"MI_Metadata/acquisitionInformation/MI_AcquisitionInformation/platform/MI_Platform/identifier/MD_Identifier/authority/CI_Citation/citedResponsibleParty/CI_ResponsibleParty/contactInfo/CI_Contact/onlineResource/CI_OnlineResource/name/CharacterString","text",173
"MI_Metadata/acquisitionInformation/MI_AcquisitionInformation/platform/MI_Platform/identifier/MD_Identifier/authority/CI_Citation/citedResponsibleParty/CI_ResponsibleParty/contactInfo/CI_Contact/onlineResource/CI_OnlineResource/protocol/CharacterString","text",2
"MI_Metadata/acquisitionInformation/MI_AcquisitionInformation/platform/MI_Platform/identifier/MD_Identifier/authority/CI_Citation/citedResponsibleParty/CI_ResponsibleParty/contactInfo/CI_Contact/onlineResource/CI_OnlineResource/@uuid","uuid",84
"MI_Metadata/acquisitionInformation/MI_AcquisitionInformation/platform/MI_Platform/identifier/MD_Identifier/authority/CI_Citation/citedResponsibleParty/CI_ResponsibleParty/contactInfo/CI_Contact/onlineResource/@title","text",80
"MI_Metadata/acquisitionInformation/MI_AcquisitionInformation/platform/MI_Platform/identifier/MD_Identifier/authority/CI_Citation/citedResponsibleParty/CI_ResponsibleParty/organisationName/CharacterString","text",95
"MI_Metadata/acquisitionInformation/MI_AcquisitionInformation/platform/MI_Platform/identifier/MD_Identifier/authority/CI_Citation/citedResponsibleParty/CI_ResponsibleParty/positionName/CharacterString","text",80
"MI_Metadata/acquisitionInformation/MI_AcquisitionInformation/platform/MI_Platform/identifier/MD_Identifier/authority/CI_Citation/citedResponsibleParty/CI_ResponsibleParty/role/CI_RoleCode","text",93
"MI_Metadata/acquisitionInformation/MI_AcquisitionInformation/platform/MI_Platform/identifier/MD_Identifier/authority/CI_Citation/citedResponsibleParty/CI_ResponsibleParty/@uuid","md5",82
"MI_Metadata/acquisitionInformation/MI_AcquisitionInformation/platform/MI_Platform/identifier/MD_Identifier/authority/CI_Citation/citedResponsibleParty/CI_ResponsibleParty/@uuid","uuid",82
"MI_Metadata/acquisitionInformation/MI_AcquisitionInformation/platform/MI_Platform/identifier/MD_Identifier/authority/CI_Citation/citedResponsibleParty/@href","md5",5
"MI_Metadata/acquisitionInformation/MI_AcquisitionInformation/platform/MI_Platform/identifier/MD_Identifier/authority/CI_Citation/citedResponsibleParty/@href","uuid",5
"MI_Metadata/acquisitionInformation/MI_AcquisitionInformation/platform/MI_Platform/identifier/MD_Identifier/authority/CI_Citation/citedResponsibleParty/@title","text",94
"MI_Metadata/acquisitionInformation/MI_AcquisitionInformation/platform/MI_Platform/identifier/MD_Identifier/authority/CI_Citation/date/CI_Date/date/Date","text",93
"MI_Metadata/acquisitionInformation/MI_AcquisitionInformation/platform/MI_Platform/identifier/MD_Identifier/authority/CI_Citation/date/CI_Date/dateType/CI_DateTypeCode","text",87
"MI_Metadata/acquisitionInformation/MI_AcquisitionInformation/platform/MI_Platform/identifier/MD_Identifier/authority/CI_Citation/date/CI_Date/dateType/CI_DateTypeCode/@codeSpace","text",4
"MI_Metadata/acquisitionInformation/MI_AcquisitionInformation/platform/MI_Platform/identifier/MD_Identifier/authority/CI_Citation/title/CharacterString","text",109
"MI_Metadata/acquisitionInformation/MI_AcquisitionInformation/platform/MI_Platform/identifier/MD_Identifier/authority/CI_Citation/@uuid","md5",87
"MI_Metadata/acquisitionInformation/MI_AcquisitionInformation/platform/MI_Platform/identifier/MD_Identifier/code/CharacterString","text",775
"MI_Metadata/acquisitionInformation/MI_AcquisitionInformation/platform/MI_Platform/identifier/MD_Identifier/code/@nilReason","text",20
"MI_Metadata/acquisitionInformation/MI_AcquisitionInformation/platform/MI_Platform/identifier/RS_Identifier/code/CharacterString","text",906
"MI_Metadata/acquisitionInformation/MI_AcquisitionInformation/platform/MI_Platform/instrument/@href","uuid",28
"MI_Metadata/acquisitionInformation/MI_AcquisitionInformation/platform/MI_Platform/instrument/MI_Instrument/citation/CI_Citation/citedResponsibleParty/CI_ResponsibleParty/contactInfo/CI_Contact/onlineResource/CI_OnlineResource/linkage/URL","md5",625
"MI_Metadata/acquisitionInformation/MI_AcquisitionInformation/platform/MI_Platform/instrument/MI_Instrument/citation/CI_Citation/identifier/MD_Identifier/code/CharacterString","text",1228
"MI_Metadata/acquisitionInformation/MI_AcquisitionInformation/platform/MI_Platform/instrument/MI_Instrument/identifier/MD_Identifier/code/CharacterString","text",4644
"MI_Metadata/acquisitionInformation/MI_AcquisitionInformation/platform/MI_Platform/instrument/MI_Instrument/identifier/MD_Identifier/code/@nilReason","text",20
"MI_Metadata/acquisitionInformation/MI_AcquisitionInformation/platform/MI_Platform/instrument/MI_Instrument/@uuid","uuid",4515
"MI_Metadata/acquisitionInformation/MI_AcquisitionInformation/platform/MI_Platform/instrument/MI_Instrument/@uuid","md5",52
"MI_Metadata/acquisitionInformation/MI_AcquisitionInformation/platform/MI_Platform/sponsor/CI_ResponsibleParty/@uuid","uuid",717
"MI_Metadata/acquisitionInformation/MI_AcquisitionInformation/platform/MI_Platform/sponsor/CI_ResponsibleParty/@uuid","md5",33
"MI_Metadata/acquisitionInformation/MI_AcquisitionInformation/platform/MI_Platform/sponsor/@href","uuid",5
"MI_Metadata/acquisitionInformation/MI_AcquisitionInformation/platform/MI_Platform/@uuid","uuid",516
"MI_Metadata/acquisitionInformation/MI_AcquisitionInformation/platform/MI_Platform/@uuid","md5",26
"MI_Metadata/contact/CI_ResponsibleParty/@uuid","uuid",61
"MI_Metadata/contact/CI_ResponsibleParty/@uuid","md5",4
"MI_Metadata/contact/@href","uuid",1067
"MI_Metadata/contentInfo/featureCatalogue/MD_FeatureCatalogue/featureType/FC_FeatureType/carrierOfCharacteristics/FC_FeatureAttribute/code/CharacterString","urn",3
"MI_Metadata/contentInfo/MD_CoverageDescription/dimension/MD_Band/units/UnitDefinition/name","urn",6
"MI_Metadata/contentInfo/MD_CoverageDescription/@uuid","uuid",187
"MI_Metadata/contentInfo/MD_FeatureCatalogueDescription/featureCatalogueCitation/CI_Citation/citedResponsibleParty/CI_ResponsibleParty/@uuid","uuid",43
"MI_Metadata/contentInfo/MD_FeatureCatalogueDescription/featureCatalogueCitation/CI_Citation/citedResponsibleParty/@href","uuid",2088
"MI_Metadata/contentInfo/MD_FeatureCatalogueDescription/featureCatalogueCitation/CI_Citation/citedResponsibleParty/@href","md5",1
"MI_Metadata/contentInfo/MD_FeatureCatalogueDescription/featureCatalogueCitation/CI_Citation/otherCitationDetails/CharacterString","urn",21
"MI_Metadata/contentInfo/MD_FeatureCatalogueDescription/featureCatalogueCitation/CI_Citation/otherCitationDetails/CharacterString","doi",2
"MI_Metadata/contentInfo/MD_FeatureCatalogueDescription/featureCatalogueCitation/CI_Citation/otherCitationDetails/CharacterString","cooluri",2
"MI_Metadata/contentInfo/MD_FeatureCatalogueDescription/featureCatalogueCitation/CI_Citation/otherCitationDetails/CharacterString","md5",1
"MI_Metadata/contentInfo/MD_FeatureCatalogueDescription/featureCatalogueCitation/CI_Citation/title/CharacterString","urn",2
"MI_Metadata/contentInfo/MD_ImageDescription/dimension/MD_Band/units/UnitDefinition/identifier/@codeSpace","text",20
"MI_Metadata/contentInfo/MI_CoverageDescription/dimension/MD_Band/descriptor/CharacterString","urn",7
"MI_Metadata/dataQualityInfo/DQ_DataQuality/lineage/LI_Lineage/processStep/LE_ProcessStep/description/CharacterString","cooluri",81
"MI_Metadata/dataQualityInfo/DQ_DataQuality/lineage/LI_Lineage/processStep/LE_ProcessStep/description/CharacterString","urn",10
"MI_Metadata/dataQualityInfo/DQ_DataQuality/lineage/LI_Lineage/processStep/LE_ProcessStep/description/CharacterString","doi",8
"MI_Metadata/dataQualityInfo/DQ_DataQuality/lineage/LI_Lineage/processStep/LE_ProcessStep/processingInformation/LE_Processing/algorithm/LE_Algorithm/citation/CI_Citation/identifier/MD_Identifier/code/CharacterString","text",9
"MI_Metadata/dataQualityInfo/DQ_DataQuality/lineage/LI_Lineage/processStep/LE_ProcessStep/processingInformation/LE_Processing/algorithm/LE_Algorithm/citation/CI_Citation/@uuid","uuid",10
"MI_Metadata/dataQualityInfo/DQ_DataQuality/lineage/LI_Lineage/processStep/LE_ProcessStep/processingInformation/LE_Processing/documentation/CI_Citation/identifier/MD_Identifier/code/CharacterString","text",7
"MI_Metadata/dataQualityInfo/DQ_DataQuality/lineage/LI_Lineage/processStep/LE_ProcessStep/processingInformation/LE_Processing/identifier/MD_Identifier/code/CharacterString","text",39
"MI_Metadata/dataQualityInfo/DQ_DataQuality/lineage/LI_Lineage/processStep/LE_ProcessStep/processingInformation/LE_Processing/softwareReference/CI_Citation/@uuid","uuid",4
"MI_Metadata/dataQualityInfo/DQ_DataQuality/lineage/LI_Lineage/processStep/LE_ProcessStep/processor/CI_ResponsibleParty/@uuid","uuid",47
"MI_Metadata/dataQualityInfo/DQ_DataQuality/lineage/LI_Lineage/processStep/LE_ProcessStep/processor/CI_ResponsibleParty/@uuid","md5",6
"MI_Metadata/dataQualityInfo/DQ_DataQuality/lineage/LI_Lineage/processStep/LE_ProcessStep/processor/@href","uuid",143
"MI_Metadata/dataQualityInfo/DQ_DataQuality/lineage/LI_Lineage/processStep/LE_ProcessStep/@uuid","uuid",1
"MI_Metadata/dataQualityInfo/DQ_DataQuality/lineage/LI_Lineage/processStep/LI_ProcessStep/description/CharacterString","urn",4
"MI_Metadata/dataQualityInfo/DQ_DataQuality/lineage/LI_Lineage/processStep/LI_ProcessStep/description/CharacterString","cooluri",2
"MI_Metadata/dataQualityInfo/DQ_DataQuality/lineage/LI_Lineage/processStep/LI_ProcessStep/description/CharacterString","doi",1
"MI_Metadata/dataQualityInfo/DQ_DataQuality/lineage/LI_Lineage/processStep/LI_ProcessStep/processor/CI_ResponsibleParty/@uuid","uuid",41
"MI_Metadata/dataQualityInfo/DQ_DataQuality/lineage/LI_Lineage/source/LE_Source/sourceCitation/CI_Citation/citedResponsibleParty/CI_ResponsibleParty/contactInfo/CI_Contact/onlineResource/CI_OnlineResource/linkage/URL","doi",3
"MI_Metadata/dataQualityInfo/DQ_DataQuality/lineage/LI_Lineage/source/LE_Source/sourceCitation/CI_Citation/citedResponsibleParty/CI_ResponsibleParty/contactInfo/CI_Contact/onlineResource/CI_OnlineResource/linkage/URL","uuid",1
"MI_Metadata/dataQualityInfo/DQ_DataQuality/lineage/LI_Lineage/source/LE_Source/sourceCitation/CI_Citation/identifier/MD_Identifier/code/CharacterString","text",11
"MI_Metadata/dataQualityInfo/DQ_DataQuality/lineage/LI_Lineage/source/LE_Source/sourceCitation/CI_Citation/identifier/MD_Identifier/code/CharacterString","doi",1
"MI_Metadata/dataQualityInfo/DQ_DataQuality/lineage/LI_Lineage/source/LE_Source/sourceExtent/EX_Extent/temporalElement/EX_TemporalExtent/extent/TimePeriod/@id","uuid",1
"MI_Metadata/dataQualityInfo/DQ_DataQuality/lineage/LI_Lineage/source/LI_Source/description/CharacterString","urn",1
"MI_Metadata/dataQualityInfo/DQ_DataQuality/lineage/LI_Lineage/source/LI_Source/sourceCitation/CI_Citation/citedResponsibleParty/CI_ResponsibleParty/contactInfo/CI_Contact/onlineResource/CI_OnlineResource/linkage/URL","uuid",6
"MI_Metadata/dataQualityInfo/DQ_DataQuality/lineage/LI_Lineage/source/LI_Source/sourceCitation/CI_Citation/citedResponsibleParty/CI_ResponsibleParty/contactInfo/CI_Contact/onlineResource/CI_OnlineResource/linkage/URL","urn",6
"MI_Metadata/dataQualityInfo/DQ_DataQuality/lineage/LI_Lineage/source/LI_Source/sourceCitation/CI_Citation/citedResponsibleParty/CI_ResponsibleParty/contactInfo/CI_Contact/onlineResource/CI_OnlineResource/linkage/URL","md5",3
"MI_Metadata/dataQualityInfo/DQ_DataQuality/lineage/LI_Lineage/source/LI_Source/sourceCitation/CI_Citation/citedResponsibleParty/CI_ResponsibleParty/contactInfo/CI_Contact/onlineResource/CI_OnlineResource/linkage/URL","doi",2
"MI_Metadata/dataQualityInfo/DQ_DataQuality/lineage/LI_Lineage/source/LI_Source/sourceCitation/CI_Citation/citedResponsibleParty/CI_ResponsibleParty/@uuid","uuid",8
"MI_Metadata/dataQualityInfo/DQ_DataQuality/lineage/LI_Lineage/source/LI_Source/sourceCitation/CI_Citation/citedResponsibleParty/CI_ResponsibleParty/@uuid","md5",1
"MI_Metadata/dataQualityInfo/DQ_DataQuality/lineage/LI_Lineage/source/LI_Source/sourceCitation/CI_Citation/identifier/MD_Identifier/code/CharacterString","text",41
"MI_Metadata/dataQualityInfo/DQ_DataQuality/lineage/LI_Lineage/source/LI_Source/sourceCitation/CI_Citation/otherCitationDetails/CharacterString","doi",4
"MI_Metadata/dataQualityInfo/DQ_DataQuality/lineage/LI_Lineage/source/LI_Source/sourceCitation/CI_Citation/otherCitationDetails/CharacterString","urn",2
"MI_Metadata/dataQualityInfo/DQ_DataQuality/lineage/LI_Lineage/source/LI_Source/@uuid","uuid",4
"MI_Metadata/dataQualityInfo/DQ_DataQuality/lineage/LI_Lineage/statement/CharacterString","cooluri",91
"MI_Metadata/dataQualityInfo/DQ_DataQuality/lineage/LI_Lineage/statement/CharacterString","doi",1
"MI_Metadata/dataQualityInfo/DQ_DataQuality/report/DQ_AbsoluteExternalPositionalAccuracy/evaluationMethodDescription/CharacterString","cooluri",3
"MI_Metadata/dataQualityInfo/DQ_DataQuality/report/DQ_CompletenessCommission/evaluationMethodDescription/CharacterString","doi",4
"MI_Metadata/dataQualityInfo/DQ_DataQuality/report/DQ_ConceptualConsistency/measureDescription/CharacterString","cooluri",2
"MI_Metadata/dataQualityInfo/DQ_DataQuality/@uuid","uuid",11
"MI_Metadata/dataSetURI/CharacterString","text",1955
"MI_Metadata/distributionInfo/MD_Distribution/distributor/MD_Distributor/distributionOrderProcess/MD_StandardOrderProcess/fees/CharacterString","urn",1
"MI_Metadata/distributionInfo/MD_Distribution/distributor/MD_Distributor/distributionOrderProcess/MD_StandardOrderProcess/orderingInstructions/CharacterString","urn",92
"MI_Metadata/distributionInfo/MD_Distribution/distributor/MD_Distributor/distributorContact/CI_ResponsibleParty/contactInfo/CI_Contact/onlineResource/CI_OnlineResource/@uuid","uuid",25
"MI_Metadata/distributionInfo/MD_Distribution/distributor/MD_Distributor/distributorContact/CI_ResponsibleParty/@uuid","uuid",547
"MI_Metadata/distributionInfo/MD_Distribution/distributor/MD_Distributor/distributorContact/@href","uuid",2406
"MI_Metadata/distributionInfo/MD_Distribution/distributor/MD_Distributor/distributorTransferOptions/MD_DigitalTransferOptions/onLine/CI_OnlineResource/linkage/URL","urn",92
"MI_Metadata/distributionInfo/MD_Distribution/distributor/MD_Distributor/distributorTransferOptions/MD_DigitalTransferOptions/onLine/CI_OnlineResource/linkage/URL","md5",35
"MI_Metadata/distributionInfo/MD_Distribution/distributor/MD_Distributor/distributorTransferOptions/MD_DigitalTransferOptions/onLine/CI_OnlineResource/linkage/URL","uuid",1
"MI_Metadata/distributionInfo/MD_Distribution/distributor/MD_Distributor/distributorTransferOptions/MD_DigitalTransferOptions/@uuid","uuid",15
"MI_Metadata/distributionInfo/MD_Distribution/transferOptions/MD_DigitalTransferOptions/onLine/CI_OnlineResource/description/CharacterString","doi",67
"MI_Metadata/distributionInfo/MD_Distribution/transferOptions/MD_DigitalTransferOptions/onLine/CI_OnlineResource/description/CharacterString","urn",2
"MI_Metadata/distributionInfo/MD_Distribution/transferOptions/MD_DigitalTransferOptions/onLine/CI_OnlineResource/linkage/URL","uuid",326
"MI_Metadata/distributionInfo/MD_Distribution/transferOptions/MD_DigitalTransferOptions/onLine/CI_OnlineResource/linkage/URL","doi",133
"MI_Metadata/distributionInfo/MD_Distribution/transferOptions/MD_DigitalTransferOptions/onLine/CI_OnlineResource/linkage/URL","urn",36
"MI_Metadata/distributionInfo/MD_Distribution/transferOptions/MD_DigitalTransferOptions/onLine/CI_OnlineResource/linkage/URL","md5",29
"MI_Metadata/distributionInfo/MD_Distribution/transferOptions/MD_DigitalTransferOptions/onLine/CI_OnlineResource/linkage/URL","cooluri",1
"MI_Metadata/distributionInfo/MD_Distribution/transferOptions/MD_DigitalTransferOptions/onLine/CI_OnlineResource/name/CharacterString","doi",21
"MI_Metadata/distributionInfo/MD_Distribution/transferOptions/MD_DigitalTransferOptions/onLine/CI_OnlineResource/@uuid","uuid",79
"MI_Metadata/distributionInfo/MD_Distribution/transferOptions/MD_DigitalTransferOptions/onLine/@href","uuid",2
"MI_Metadata/fileIdentifier/CharacterString","text",5395
"MI_Metadata/fileIdentifier/CharacterString","uuid",4
"MI_Metadata/identificationInfo/MD_DataIdentification/abstract/CharacterString","doi",3
"MI_Metadata/identificationInfo/MD_DataIdentification/abstract/CharacterString","cooluri",1
"MI_Metadata/identificationInfo/MD_DataIdentification/aggregationInfo/MD_AggregateInformation/aggregateDataSetIdentifier/MD_Identifier/code/Anchor","doi",103
"MI_Metadata/identificationInfo/MD_DataIdentification/aggregationInfo/MD_AggregateInformation/aggregateDataSetIdentifier/MD_Identifier/code/Anchor/@href","doi",216
"MI_Metadata/identificationInfo/MD_DataIdentification/aggregationInfo/MD_AggregateInformation/aggregateDataSetIdentifier/MD_Identifier/code/Anchor/@href","uuid",4
"MI_Metadata/identificationInfo/MD_DataIdentification/aggregationInfo/MD_AggregateInformation/aggregateDataSetName/CI_Citation/citedResponsibleParty/CI_ResponsibleParty/contactInfo/CI_Contact/onlineResource/CI_OnlineResource/description/CharacterString","doi",2
"MI_Metadata/identificationInfo/MD_DataIdentification/aggregationInfo/MD_AggregateInformation/aggregateDataSetName/CI_Citation/citedResponsibleParty/CI_ResponsibleParty/contactInfo/CI_Contact/onlineResource/CI_OnlineResource/linkage/URL","doi",164
"MI_Metadata/identificationInfo/MD_DataIdentification/aggregationInfo/MD_AggregateInformation/aggregateDataSetName/CI_Citation/citedResponsibleParty/CI_ResponsibleParty/contactInfo/CI_Contact/onlineResource/CI_OnlineResource/linkage/URL","uuid",1
"MI_Metadata/identificationInfo/MD_DataIdentification/aggregationInfo/MD_AggregateInformation/aggregateDataSetName/CI_Citation/citedResponsibleParty/CI_ResponsibleParty/contactInfo/CI_Contact/onlineResource/CI_OnlineResource/@uuid","uuid",30
"MI_Metadata/identificationInfo/MD_DataIdentification/aggregationInfo/MD_AggregateInformation/aggregateDataSetName/CI_Citation/identifier/MD_Identifier/authority/CI_Citation/citedResponsibleParty/CI_ResponsibleParty/contactInfo/CI_Contact/address/CI_Address/administrativeArea/CharacterString","text",1
"MI_Metadata/identificationInfo/MD_DataIdentification/aggregationInfo/MD_AggregateInformation/aggregateDataSetName/CI_Citation/identifier/MD_Identifier/authority/CI_Citation/citedResponsibleParty/CI_ResponsibleParty/contactInfo/CI_Contact/address/CI_Address/city/CharacterString","text",1
"MI_Metadata/identificationInfo/MD_DataIdentification/aggregationInfo/MD_AggregateInformation/aggregateDataSetName/CI_Citation/identifier/MD_Identifier/authority/CI_Citation/citedResponsibleParty/CI_ResponsibleParty/contactInfo/CI_Contact/address/CI_Address/country/CharacterString","text",1
"MI_Metadata/identificationInfo/MD_DataIdentification/aggregationInfo/MD_AggregateInformation/aggregateDataSetName/CI_Citation/identifier/MD_Identifier/authority/CI_Citation/citedResponsibleParty/CI_ResponsibleParty/contactInfo/CI_Contact/address/CI_Address/deliveryPoint/CharacterString","text",2
"MI_Metadata/identificationInfo/MD_DataIdentification/aggregationInfo/MD_AggregateInformation/aggregateDataSetName/CI_Citation/identifier/MD_Identifier/authority/CI_Citation/citedResponsibleParty/CI_ResponsibleParty/contactInfo/CI_Contact/address/CI_Address/electronicMailAddress/CharacterString","text",1
"MI_Metadata/identificationInfo/MD_DataIdentification/aggregationInfo/MD_AggregateInformation/aggregateDataSetName/CI_Citation/identifier/MD_Identifier/authority/CI_Citation/citedResponsibleParty/CI_ResponsibleParty/contactInfo/CI_Contact/address/CI_Address/postalCode/CharacterString","text",1
"MI_Metadata/identificationInfo/MD_DataIdentification/aggregationInfo/MD_AggregateInformation/aggregateDataSetName/CI_Citation/identifier/MD_Identifier/authority/CI_Citation/citedResponsibleParty/CI_ResponsibleParty/contactInfo/CI_Contact/onlineResource/CI_OnlineResource/description/CharacterString","text",1
"MI_Metadata/identificationInfo/MD_DataIdentification/aggregationInfo/MD_AggregateInformation/aggregateDataSetName/CI_Citation/identifier/MD_Identifier/authority/CI_Citation/citedResponsibleParty/CI_ResponsibleParty/contactInfo/CI_Contact/onlineResource/CI_OnlineResource/function/CI_OnLineFunctionCode/@codeSpace","text",2
"MI_Metadata/identificationInfo/MD_DataIdentification/aggregationInfo/MD_AggregateInformation/aggregateDataSetName/CI_Citation/identifier/MD_Identifier/authority/CI_Citation/citedResponsibleParty/CI_ResponsibleParty/contactInfo/CI_Contact/onlineResource/CI_OnlineResource/name/CharacterString","text",1
"MI_Metadata/identificationInfo/MD_DataIdentification/aggregationInfo/MD_AggregateInformation/aggregateDataSetName/CI_Citation/identifier/MD_Identifier/authority/CI_Citation/citedResponsibleParty/CI_ResponsibleParty/contactInfo/CI_Contact/onlineResource/CI_OnlineResource/protocol/CharacterString","text",2
"MI_Metadata/identificationInfo/MD_DataIdentification/aggregationInfo/MD_AggregateInformation/aggregateDataSetName/CI_Citation/identifier/MD_Identifier/authority/CI_Citation/citedResponsibleParty/CI_ResponsibleParty/contactInfo/CI_Contact/phone/CI_Telephone/voice/CharacterString","text",1
"MI_Metadata/identificationInfo/MD_DataIdentification/aggregationInfo/MD_AggregateInformation/aggregateDataSetName/CI_Citation/identifier/MD_Identifier/authority/CI_Citation/citedResponsibleParty/CI_ResponsibleParty/organisationName/CharacterString","text",2
"MI_Metadata/identificationInfo/MD_DataIdentification/aggregationInfo/MD_AggregateInformation/aggregateDataSetName/CI_Citation/identifier/MD_Identifier/authority/CI_Citation/citedResponsibleParty/CI_ResponsibleParty/role/CI_RoleCode/@codeSpace","text",2
"MI_Metadata/identificationInfo/MD_DataIdentification/aggregationInfo/MD_AggregateInformation/aggregateDataSetName/CI_Citation/identifier/MD_Identifier/authority/CI_Citation/date/CI_Date/date/Date","text",1
"MI_Metadata/identificationInfo/MD_DataIdentification/aggregationInfo/MD_AggregateInformation/aggregateDataSetName/CI_Citation/identifier/MD_Identifier/authority/CI_Citation/date/CI_Date/dateType/CI_DateTypeCode/@codeSpace","text",1
"MI_Metadata/identificationInfo/MD_DataIdentification/aggregationInfo/MD_AggregateInformation/aggregateDataSetName/CI_Citation/identifier/MD_Identifier/authority/CI_Citation/title/CharacterString","text",1
"MI_Metadata/identificationInfo/MD_DataIdentification/aggregationInfo/MD_AggregateInformation/aggregateDataSetName/CI_Citation/identifier/MD_Identifier/code/Anchor","text",42
"MI_Metadata/identificationInfo/MD_DataIdentification/aggregationInfo/MD_AggregateInformation/aggregateDataSetName/CI_Citation/identifier/MD_Identifier/code/Anchor","doi",6
"MI_Metadata/identificationInfo/MD_DataIdentification/aggregationInfo/MD_AggregateInformation/aggregateDataSetName/CI_Citation/identifier/MD_Identifier/code/Anchor/@actuate","text",89
"MI_Metadata/identificationInfo/MD_DataIdentification/aggregationInfo/MD_AggregateInformation/aggregateDataSetName/CI_Citation/identifier/MD_Identifier/code/Anchor/@href","text",2
"MI_Metadata/identificationInfo/MD_DataIdentification/aggregationInfo/MD_AggregateInformation/aggregateDataSetName/CI_Citation/identifier/MD_Identifier/code/Anchor/@title","text",172
"MI_Metadata/identificationInfo/MD_DataIdentification/aggregationInfo/MD_AggregateInformation/aggregateDataSetName/CI_Citation/identifier/MD_Identifier/code/CharacterString","text",44
"MI_Metadata/identificationInfo/MD_DataIdentification/aggregationInfo/MD_AggregateInformation/aggregateDataSetName/CI_Citation/identifier/MD_Identifier/code/CharacterString","doi",22
"MI_Metadata/identificationInfo/MD_DataIdentification/aggregationInfo/MD_AggregateInformation/aggregateDataSetName/CI_Citation/identifier/MD_Identifier/code/CharacterString","uuid",1
"MI_Metadata/identificationInfo/MD_DataIdentification/aggregationInfo/MD_AggregateInformation/aggregateDataSetName/CI_Citation/otherCitationDetails/CharacterString","doi",13
"MI_Metadata/identificationInfo/MD_DataIdentification/aggregationInfo/MD_AggregateInformation/aggregateDataSetName/CI_Citation/series/CI_Series/issueIdentification/CharacterString","doi",4
"MI_Metadata/identificationInfo/MD_DataIdentification/aggregationInfo/MD_AggregateInformation/aggregateDataSetName/CI_Citation/title/CharacterString","doi",2
"MI_Metadata/identificationInfo/MD_DataIdentification/aggregationInfo/MD_AggregateInformation/aggregateDataSetName/CI_Citation/title/CharacterString","urn",1
"MI_Metadata/identificationInfo/MD_DataIdentification/aggregationInfo/MD_AggregateInformation/@uuid","uuid",66
"MI_Metadata/identificationInfo/MD_DataIdentification/citation/CI_Citation/citedResponsibleParty/CI_ResponsibleParty/contactInfo/CI_Contact/onlineResource/CI_OnlineResource/linkage/URL","md5",150
"MI_Metadata/identificationInfo/MD_DataIdentification/citation/CI_Citation/citedResponsibleParty/CI_ResponsibleParty/contactInfo/CI_Contact/onlineResource/CI_OnlineResource/linkage/URL","urn",19
"MI_Metadata/identificationInfo/MD_DataIdentification/citation/CI_Citation/citedResponsibleParty/CI_ResponsibleParty/contactInfo/CI_Contact/onlineResource/CI_OnlineResource/linkage/URL","doi",12
"MI_Metadata/identificationInfo/MD_DataIdentification/citation/CI_Citation/citedResponsibleParty/CI_ResponsibleParty/contactInfo/CI_Contact/onlineResource/CI_OnlineResource/linkage/URL","uuid",3
"MI_Metadata/identificationInfo/MD_DataIdentification/citation/CI_Citation/citedResponsibleParty/CI_ResponsibleParty/@uuid","uuid",125
"MI_Metadata/identificationInfo/MD_DataIdentification/citation/CI_Citation/citedResponsibleParty/CI_ResponsibleParty/@uuid","md5",2
"MI_Metadata/identificationInfo/MD_DataIdentification/citation/CI_Citation/citedResponsibleParty/@href","uuid",1072
"MI_Metadata/identificationInfo/MD_DataIdentification/citation/CI_Citation/date/CI_Date/date/DateTime","urn",2
"MI_Metadata/identificationInfo/MD_DataIdentification/citation/CI_Citation/identifier/MD_Identifier/authority/CI_Citation/citedResponsibleParty/CI_ResponsibleParty/contactInfo/CI_Contact/address/CI_Address/administrativeArea/CharacterString","text",2
"MI_Metadata/identificationInfo/MD_DataIdentification/citation/CI_Citation/identifier/MD_Identifier/authority/CI_Citation/citedResponsibleParty/CI_ResponsibleParty/contactInfo/CI_Contact/address/CI_Address/city/CharacterString","text",2
"MI_Metadata/identificationInfo/MD_DataIdentification/citation/CI_Citation/identifier/MD_Identifier/authority/CI_Citation/citedResponsibleParty/CI_ResponsibleParty/contactInfo/CI_Contact/address/CI_Address/country/CharacterString","text",2
"MI_Metadata/identificationInfo/MD_DataIdentification/citation/CI_Citation/identifier/MD_Identifier/authority/CI_Citation/citedResponsibleParty/CI_ResponsibleParty/contactInfo/CI_Contact/address/CI_Address/deliveryPoint/CharacterString","text",2
"MI_Metadata/identificationInfo/MD_DataIdentification/citation/CI_Citation/identifier/MD_Identifier/authority/CI_Citation/citedResponsibleParty/CI_ResponsibleParty/contactInfo/CI_Contact/address/CI_Address/electronicMailAddress/CharacterString","text",1
"MI_Metadata/identificationInfo/MD_DataIdentification/citation/CI_Citation/identifier/MD_Identifier/authority/CI_Citation/citedResponsibleParty/CI_ResponsibleParty/contactInfo/CI_Contact/address/CI_Address/postalCode/CharacterString","text",1
"MI_Metadata/identificationInfo/MD_DataIdentification/citation/CI_Citation/identifier/MD_Identifier/authority/CI_Citation/citedResponsibleParty/CI_ResponsibleParty/contactInfo/CI_Contact/contactInstructions/CharacterString","text",1
"MI_Metadata/identificationInfo/MD_DataIdentification/citation/CI_Citation/identifier/MD_Identifier/authority/CI_Citation/citedResponsibleParty/CI_ResponsibleParty/contactInfo/CI_Contact/onlineResource/CI_OnlineResource/description/CharacterString","text",1
"MI_Metadata/identificationInfo/MD_DataIdentification/citation/CI_Citation/identifier/MD_Identifier/authority/CI_Citation/citedResponsibleParty/CI_ResponsibleParty/contactInfo/CI_Contact/onlineResource/CI_OnlineResource/function/CI_OnLineFunctionCode","text",46
"MI_Metadata/identificationInfo/MD_DataIdentification/citation/CI_Citation/identifier/MD_Identifier/authority/CI_Citation/citedResponsibleParty/CI_ResponsibleParty/contactInfo/CI_Contact/onlineResource/CI_OnlineResource/name/CharacterString","text",1
"MI_Metadata/identificationInfo/MD_DataIdentification/citation/CI_Citation/identifier/MD_Identifier/authority/CI_Citation/citedResponsibleParty/CI_ResponsibleParty/contactInfo/CI_Contact/phone/CI_Telephone/facsimile/CharacterString","text",1
"MI_Metadata/identificationInfo/MD_DataIdentification/citation/CI_Citation/identifier/MD_Identifier/authority/CI_Citation/citedResponsibleParty/CI_ResponsibleParty/contactInfo/CI_Contact/phone/CI_Telephone/voice/CharacterString","text",1
"MI_Metadata/identificationInfo/MD_DataIdentification/citation/CI_Citation/identifier/MD_Identifier/authority/CI_Citation/citedResponsibleParty/CI_ResponsibleParty/organisationName/CharacterString","text",59
"MI_Metadata/identificationInfo/MD_DataIdentification/citation/CI_Citation/identifier/MD_Identifier/authority/CI_Citation/citedResponsibleParty/CI_ResponsibleParty/role/CI_RoleCode","text",117
"MI_Metadata/identificationInfo/MD_DataIdentification/citation/CI_Citation/identifier/MD_Identifier/authority/CI_Citation/citedResponsibleParty/CI_ResponsibleParty/role/CI_RoleCode/@codeSpace","text",68
"MI_Metadata/identificationInfo/MD_DataIdentification/citation/CI_Citation/identifier/MD_Identifier/authority/CI_Citation/date/CI_Date/date/Date","text",2
"MI_Metadata/identificationInfo/MD_DataIdentification/citation/CI_Citation/identifier/MD_Identifier/authority/CI_Citation/otherCitationDetails/CharacterString","doi",2
"MI_Metadata/identificationInfo/MD_DataIdentification/citation/CI_Citation/identifier/MD_Identifier/authority/CI_Citation/otherCitationDetails/CharacterString","text",2
"MI_Metadata/identificationInfo/MD_DataIdentification/citation/CI_Citation/identifier/MD_Identifier/authority/CI_Citation/title/CharacterString","text",2410
"MI_Metadata/identificationInfo/MD_DataIdentification/citation/CI_Citation/identifier/MD_Identifier/code/Anchor","text",1052
"MI_Metadata/identificationInfo/MD_DataIdentification/citation/CI_Citation/identifier/MD_Identifier/code/Anchor","doi",15
"MI_Metadata/identificationInfo/MD_DataIdentification/citation/CI_Citation/identifier/MD_Identifier/code/Anchor/@actuate","text",1204
"MI_Metadata/identificationInfo/MD_DataIdentification/citation/CI_Citation/identifier/MD_Identifier/code/Anchor/@href","doi",174
"MI_Metadata/identificationInfo/MD_DataIdentification/citation/CI_Citation/identifier/MD_Identifier/code/Anchor/@href","text",68
"MI_Metadata/identificationInfo/MD_DataIdentification/citation/CI_Citation/identifier/MD_Identifier/code/Anchor/@title","text",1211
"MI_Metadata/identificationInfo/MD_DataIdentification/citation/CI_Citation/identifier/MD_Identifier/code/CharacterString","text",3300
"MI_Metadata/identificationInfo/MD_DataIdentification/citation/CI_Citation/identifier/MD_Identifier/code/CharacterString","doi",5
"MI_Metadata/identificationInfo/MD_DataIdentification/citation/CI_Citation/identifier/MD_Identifier/code/CharacterString","uuid",1
"MI_Metadata/identificationInfo/MD_DataIdentification/citation/CI_Citation/otherCitationDetails/CharacterString","doi",4
"MI_Metadata/identificationInfo/MD_DataIdentification/citation/CI_Citation/otherCitationDetails/CharacterString","cooluri",1
"MI_Metadata/identificationInfo/MD_DataIdentification/credit/CharacterString","doi",24
"MI_Metadata/identificationInfo/MD_DataIdentification/descriptiveKeywords/MD_Keywords/keyword/CharacterString","urn",7
"MI_Metadata/identificationInfo/MD_DataIdentification/descriptiveKeywords/MD_Keywords/thesaurusName/CI_Citation/citedResponsibleParty/CI_ResponsibleParty/contactInfo/CI_Contact/onlineResource/CI_OnlineResource/@uuid","uuid",2200
"MI_Metadata/identificationInfo/MD_DataIdentification/descriptiveKeywords/MD_Keywords/thesaurusName/CI_Citation/citedResponsibleParty/CI_ResponsibleParty/@uuid","uuid",2524
"MI_Metadata/identificationInfo/MD_DataIdentification/descriptiveKeywords/MD_Keywords/thesaurusName/CI_Citation/citedResponsibleParty/CI_ResponsibleParty/@uuid","md5",2167
"MI_Metadata/identificationInfo/MD_DataIdentification/descriptiveKeywords/MD_Keywords/thesaurusName/CI_Citation/citedResponsibleParty/@href","md5",10
"MI_Metadata/identificationInfo/MD_DataIdentification/descriptiveKeywords/MD_Keywords/thesaurusName/CI_Citation/citedResponsibleParty/@href","uuid",10
"MI_Metadata/identificationInfo/MD_DataIdentification/descriptiveKeywords/MD_Keywords/thesaurusName/CI_Citation/identifier/MD_Identifier/code/CharacterString","text",1
"MI_Metadata/identificationInfo/MD_DataIdentification/descriptiveKeywords/MD_Keywords/thesaurusName/CI_Citation/@uuid","uuid",4872
"MI_Metadata/identificationInfo/MD_DataIdentification/descriptiveKeywords/MD_Keywords/thesaurusName/CI_Citation/@uuid","md5",2296
"MI_Metadata/identificationInfo/MD_DataIdentification/descriptiveKeywords/MD_Keywords/thesaurusName/@href","uuid",21
"MI_Metadata/identificationInfo/MD_DataIdentification/descriptiveKeywords/MD_Keywords/thesaurusName/@href","md5",14
"MI_Metadata/identificationInfo/MD_DataIdentification/descriptiveKeywords/MD_Keywords/thesaurusName/@uuidref","uuid",35
"MI_Metadata/identificationInfo/MD_DataIdentification/descriptiveKeywords/MD_Keywords/@uuid","uuid",721
"MI_Metadata/identificationInfo/MD_DataIdentification/graphicOverview/MD_BrowseGraphic/fileName/CharacterString","cooluri",19
"MI_Metadata/identificationInfo/MD_DataIdentification/graphicOverview/MD_BrowseGraphic/fileName/CharacterString","uuid",12
"MI_Metadata/identificationInfo/MD_DataIdentification/pointOfContact/CI_ResponsibleParty/@uuid","uuid",402
"MI_Metadata/identificationInfo/MD_DataIdentification/pointOfContact/@href","uuid",2371
"MI_Metadata/identificationInfo/MD_DataIdentification/purpose/CharacterString","doi",12
"MI_Metadata/identificationInfo/MD_DataIdentification/purpose/CharacterString","urn",1
"MI_Metadata/identificationInfo/MD_DataIdentification/resourceConstraints/@href","uuid",282
"MI_Metadata/identificationInfo/MD_DataIdentification/resourceConstraints/MD_Constraints/useLimitation/CharacterString","doi",20
"MI_Metadata/identificationInfo/MD_DataIdentification/resourceConstraints/MD_Constraints/useLimitation/CharacterString","urn",1
"MI_Metadata/identificationInfo/MD_DataIdentification/resourceConstraints/MD_Constraints/@uuid","uuid",2434
"MI_Metadata/identificationInfo/MD_DataIdentification/resourceConstraints/MD_LegalConstraints/otherConstraints/CharacterString","doi",117
"MI_Metadata/identificationInfo/MD_DataIdentification/resourceConstraints/MD_LegalConstraints/otherConstraints/CharacterString","urn",3
"MI_Metadata/identificationInfo/MD_DataIdentification/resourceConstraints/MD_LegalConstraints/useLimitation/CharacterString","doi",1
"MI_Metadata/identificationInfo/MD_DataIdentification/resourceConstraints/MD_LegalConstraints/@uuid","uuid",981
"MI_Metadata/identificationInfo/MD_DataIdentification/resourceMaintenance/MD_MaintenanceInformation/maintenanceNote/CharacterString","cooluri",1
"MI_Metadata/identificationInfo/MD_DataIdentification/supplementalInformation/CharacterString","doi",35
"MI_Metadata/identificationInfo/MD_DataIdentification/supplementalInformation/CharacterString","urn",6
"MI_Metadata/identificationInfo/MD_DataIdentification/supplementalInformation/CharacterString","cooluri",3
"MI_Metadata/identificationInfo/SV_ServiceIdentification/citation/CI_Citation/citedResponsibleParty/CI_ResponsibleParty/contactInfo/CI_Contact/onlineResource/CI_OnlineResource/linkage/URL","md5",174
"MI_Metadata/identificationInfo/SV_ServiceIdentification/citation/CI_Citation/citedResponsibleParty/CI_ResponsibleParty/contactInfo/CI_Contact/onlineResource/CI_OnlineResource/linkage/URL","cooluri",39
"MI_Metadata/identificationInfo/SV_ServiceIdentification/citation/CI_Citation/citedResponsibleParty/CI_ResponsibleParty/contactInfo/CI_Contact/onlineResource/CI_OnlineResource/linkage/URL","uuid",3
"MI_Metadata/identificationInfo/SV_ServiceIdentification/citation/CI_Citation/citedResponsibleParty/CI_ResponsibleParty/contactInfo/CI_Contact/onlineResource/CI_OnlineResource/linkage/URL","doi",1
"MI_Metadata/identificationInfo/SV_ServiceIdentification/descriptiveKeywords/@href","uuid",18
"MI_Metadata/identificationInfo/SV_ServiceIdentification/descriptiveKeywords/MD_Keywords/thesaurusName/CI_Citation/citedResponsibleParty/CI_ResponsibleParty/contactInfo/CI_Contact/onlineResource/CI_OnlineResource/@uuid","uuid",108
"MI_Metadata/identificationInfo/SV_ServiceIdentification/descriptiveKeywords/MD_Keywords/thesaurusName/CI_Citation/citedResponsibleParty/CI_ResponsibleParty/@uuid","uuid",108
"MI_Metadata/identificationInfo/SV_ServiceIdentification/descriptiveKeywords/MD_Keywords/thesaurusName/CI_Citation/citedResponsibleParty/CI_ResponsibleParty/@uuid","md5",108
"MI_Metadata/identificationInfo/SV_ServiceIdentification/descriptiveKeywords/MD_Keywords/thesaurusName/CI_Citation/@uuid","uuid",110
"MI_Metadata/identificationInfo/SV_ServiceIdentification/pointOfContact/CI_ResponsibleParty/@uuid","uuid",110
"MI_Metadata/identificationInfo/SV_ServiceIdentification/pointOfContact/@href","uuid",18
"MI_Metadata/identificationInfo/SV_ServiceIdentification/serviceType/LocalName","urn",4
"MI_Metadata/identificationInfo/SV_ServiceIdentification/@uuid","uuid",172
"MI_Metadata/metadataExtensionInfo/MD_MetadataExtensionInformation/extensionOnLineResource/CI_OnlineResource/@uuid","uuid",958
"MI_Metadata/metadataExtensionInfo/MD_MetadataExtensionInformation/extensionOnLineResource/@href","uuid",7
"MI_Metadata/metadataMaintenance/MD_MaintenanceInformation/contact/CI_ResponsibleParty/contactInfo/CI_Contact/hoursOfService/CharacterString","urn",1
"MI_Metadata/metadataMaintenance/MD_MaintenanceInformation/contact/CI_ResponsibleParty/@uuid","uuid",651
"MI_Metadata/metadataMaintenance/MD_MaintenanceInformation/contact/CI_ResponsibleParty/@uuid","md5",14
"MI_Metadata/metadataMaintenance/MD_MaintenanceInformation/contact/@href","uuid",2357
"MI_Metadata/parentIdentifier/CharacterString","text",3402
"MI_Metadata/referenceSystemInfo/@href","uuid",491
"MI_Metadata/referenceSystemInfo/MD_ReferenceSystem/referenceSystemIdentifier/RS_Identifier/authority/CI_Citation/citedResponsibleParty/CI_ResponsibleParty/@uuid","uuid",677
"MI_Metadata/referenceSystemInfo/MD_ReferenceSystem/@uuid","uuid",2248
"MI_Metadata/spatialRepresentationInfo/MD_VectorSpatialRepresentation/@uuid","uuid",113
"MI_Metadata/@uuid","uuid",127
"OAI-PMH/GetRecord/record/about/provenance/originDescription/identifier","urn",803
"OAI-PMH/GetRecord/record/about/provenance/originDescription/identifier","uuid",23
"OAI-PMH/GetRecord/record/header/identifier","urn",836
"OAI-PMH/GetRecord/record/header/identifier","doi",1
"OAI-PMH/GetRecord/record/header/setSpec","urn",4
"OAI-PMH/GetRecord/record/metadata/CMD/Components/collection/CollectionInfo/@ComponentId","urn",2
"OAI-PMH/GetRecord/record/metadata/CMD/Components/collection/CollectionInfo/ISO639/@ComponentId","urn",1
"OAI-PMH/GetRecord/record/metadata/CMD/Components/collection/Contact/@ComponentId","urn",2
"OAI-PMH/GetRecord/record/metadata/CMD/Components/collection/License/@ComponentId","urn",2
"OAI-PMH/GetRecord/record/metadata/CMD/Components/collection/WebReference/@ComponentId","urn",2
"OAI-PMH/GetRecord/record/metadata/CMD/Components/data/resourceInfo/identificationInfo/identifier","hdl",6
"OAI-PMH/GetRecord/record/metadata/CMD/Components/LexicalResourceProfile/Access/@ComponentId","urn",2
"OAI-PMH/GetRecord/record/metadata/CMD/Components/LexicalResourceProfile/Access/Contact/@ComponentId","urn",2
"OAI-PMH/GetRecord/record/metadata/CMD/Components/LexicalResourceProfile/Creation/Annotation/AnnotationToolInfo/@ComponentId","urn",2
"OAI-PMH/GetRecord/record/metadata/CMD/Components/LexicalResourceProfile/Creation/Annotation/@ComponentId","urn",2
"OAI-PMH/GetRecord/record/metadata/CMD/Components/LexicalResourceProfile/Creation/@ComponentId","urn",2
"OAI-PMH/GetRecord/record/metadata/CMD/Components/LexicalResourceProfile/Creation/CreationToolInfo/@ComponentId","urn",2
"OAI-PMH/GetRecord/record/metadata/CMD/Components/LexicalResourceProfile/Creation/Creators/@ComponentId","urn",2
"OAI-PMH/GetRecord/record/metadata/CMD/Components/LexicalResourceProfile/Creation/Creators/Creator/@ComponentId","urn",2
"OAI-PMH/GetRecord/record/metadata/CMD/Components/LexicalResourceProfile/Creation/Source/@ComponentId","urn",2
"OAI-PMH/GetRecord/record/metadata/CMD/Components/LexicalResourceProfile-DLU/GeneralInfo-DLU/@ComponentId","urn",2
"OAI-PMH/GetRecord/record/metadata/CMD/Components/LexicalResourceProfile/GeneralInfo/@ComponentId","urn",2
"OAI-PMH/GetRecord/record/metadata/CMD/Components/LexicalResourceProfile/LexicalResource/Access/CatalogueLink","hdl",8
"OAI-PMH/GetRecord/record/metadata/CMD/Components/LexicalResourceProfile/LexicalResource/Access/CatalogueLink","md5",6
"OAI-PMH/GetRecord/record/metadata/CMD/Components/LexicalResourceProfile/LexiconContext/@ComponentId","urn",2
"OAI-PMH/GetRecord/record/metadata/CMD/Components/LexicalResourceProfile/LexiconContext/Descriptions/@ComponentId","urn",2
"OAI-PMH/GetRecord/record/metadata/CMD/Components/LexicalResourceProfile/LexiconContext/HeadwordType/@ComponentId","urn",2
"OAI-PMH/GetRecord/record/metadata/CMD/Components/LexicalResourceProfile/LexiconContext/ModalityInfo/@ComponentId","urn",2
"OAI-PMH/GetRecord/record/metadata/CMD/Components/LexicalResourceProfile/LexiconContext/SubjectLanguages/@ComponentId","urn",2
"OAI-PMH/GetRecord/record/metadata/CMD/Components/LexicalResourceProfile/LexiconContext/SubjectLanguages/SubjectLanguage/@ComponentId","urn",2
"OAI-PMH/GetRecord/record/metadata/CMD/Components/LexicalResourceProfile/Project/@ComponentId","urn",2
"OAI-PMH/GetRecord/record/metadata/CMD/Components/LexicalResourceProfile/Project/Cooperations/@ComponentId","urn",2
"OAI-PMH/GetRecord/record/metadata/CMD/Components/LexicalResourceProfile/Project/Cooperations/Cooperation/@ComponentId","urn",2
"OAI-PMH/GetRecord/record/metadata/CMD/Components/LexicalResourceProfile/Project/Duration/@ComponentId","urn",2
"OAI-PMH/GetRecord/record/metadata/CMD/Components/LexicalResourceProfile/Project/Institution/@ComponentId","urn",2
"OAI-PMH/GetRecord/record/metadata/CMD/Components/LexicalResourceProfile/Project/Institution/Location/@ComponentId","urn",2
"OAI-PMH/GetRecord/record/metadata/CMD/Components/LexicalResourceProfile/Project/Institution/Location/Country/@ComponentId","urn",2
"OAI-PMH/GetRecord/record/metadata/CMD/Components/LexicalResourceProfile/SizeInfo/@ComponentId","urn",2
"OAI-PMH/GetRecord/record/metadata/CMD/Components/LexicalResourceProfile/SizeInfo/SizePerLanguage/@ComponentId","urn",2
"OAI-PMH/GetRecord/record/metadata/CMD/Components/LexicalResourceProfile/SizeInfo/SizePerLanguage/Language/@ComponentId","urn",2
"OAI-PMH/GetRecord/record/metadata/CMD/Components/LexicalResourceProfile/SizeInfo/SizePerLanguage/Language/ISO639/@ComponentId","urn",2
"OAI-PMH/GetRecord/record/metadata/CMD/Components/LexicalResourceProfile/SizeInfo/TotalSize/@ComponentId","urn",2
"OAI-PMH/GetRecord/record/metadata/CMD/Components/LexicalResourceProfile/TextTechnical/@ComponentId","urn",2
"OAI-PMH/GetRecord/record/metadata/CMD/Components/LexicalResourceProfile/TextTechnical/MimeTypes/@ComponentId","urn",2
"OAI-PMH/GetRecord/record/metadata/CMD/Components/LINDAT_CLARIN/bibliographicInfo/identifiers/identifier","hdl",16
"OAI-PMH/GetRecord/record/metadata/CMD/Header/MdProfile","urn",99
"OAI-PMH/GetRecord/record/metadata/CMD/Header/MdSelfLink","hdl",67
"OAI-PMH/GetRecord/record/metadata/CMD/Header/MdSelfLink","md5",23
"OAI-PMH/GetRecord/record/metadata/CMD/Resources/IsPartOfList/IsPartOf","hdl",2
"OAI-PMH/GetRecord/record/metadata/CMD/Resources/ResourceProxyList/ResourceProxy/ResourceRef","hdl",400
"OAI-PMH/GetRecord/record/metadata/CMD/Resources/ResourceProxyList/ResourceProxy/ResourceRef","md5",42
"OAI-PMH/GetRecord/record/metadata/codeBook/dataDscr/var/catgry/labl","cooluri",1
"OAI-PMH/GetRecord/record/metadata/codeBook/dataDscr/varGrp/@ID","text",58
"OAI-PMH/GetRecord/record/metadata/codeBook/dataDscr/var/@ID","text",1162
"OAI-PMH/GetRecord/record/metadata/codeBook/fileDscr/fileTxt/fileName/@ID","text",34
"OAI-PMH/GetRecord/record/metadata/codeBook/@ID","text",34
"OAI-PMH/GetRecord/record/metadata/codeBook/stdyDscr/citation/distStmt/contact/@URI","text",22
"OAI-PMH/GetRecord/record/metadata/codeBook/stdyDscr/citation/holdings/@URI","text",1
"OAI-PMH/GetRecord/record/metadata/codeBook/stdyDscr/dataAccs/useStmt/contact/@URI","text",5
"OAI-PMH/GetRecord/record/metadata/crossref/journal/journal_article/citation_list/citation/doi","doi",44
"OAI-PMH/GetRecord/record/metadata/crossref/journal/journal_article/doi_data/resource","doi",2
"OAI-PMH/GetRecord/record/metadata/crossref/journal/journal_article/publisher_item/identifier/@id_type","text",2
"OAI-PMH/GetRecord/record/metadata/crossref/journal/journal_issue/doi_data/doi","doi",2
"OAI-PMH/GetRecord/record/metadata/dc/description","urn",1
"OAI-PMH/GetRecord/record/metadata/dc/identifier","urn",689
"OAI-PMH/GetRecord/record/metadata/dc/identifier","text",409
"OAI-PMH/GetRecord/record/metadata/dc/identifier","hdl",276
"OAI-PMH/GetRecord/record/metadata/dc/identifier","doi",84
"OAI-PMH/GetRecord/record/metadata/dc/isPartOf","urn",288
"OAI-PMH/GetRecord/record/metadata/dc/relation","doi",34
"OAI-PMH/GetRecord/record/metadata/dc/relation","urn",15
"OAI-PMH/GetRecord/record/metadata/dc/rights","doi",3
"OAI-PMH/GetRecord/record/metadata/dc/rights","uuid",2
"OAI-PMH/GetRecord/record/metadata/DIDL/Container/Descriptor/Statement/Identifier","doi",1
"OAI-PMH/GetRecord/record/metadata/DIDL/Container/Descriptor/Statement/Identifier","urn",1
"OAI-PMH/GetRecord/record/metadata/DIDL/Container/@id","uuid",3
"OAI-PMH/GetRecord/record/metadata/DIDL/Container/Item/Component/Descriptor/Statement/Admin/digestValue","md5",1
"OAI-PMH/GetRecord/record/metadata/DIDL/Container/Item/Component/@id","uuid",9
"OAI-PMH/GetRecord/record/metadata/DIDL/Container/Item/Component/Resource/dc/identifier","hdl",1
"OAI-PMH/GetRecord/record/metadata/DIDL/Container/Item/@id","uuid",6
"OAI-PMH/GetRecord/record/metadata/DIDL/@DIDid","uuid",1
"OAI-PMH/GetRecord/record/metadata/DIDL/Item/Component/@id","uuid",23
"OAI-PMH/GetRecord/record/metadata/DIDL/Item/Descriptor/Statement/dc/identifier","hdl",6
"OAI-PMH/GetRecord/record/metadata/DIDL/Item/Descriptor/Statement/dc/identifier","urn",3
"OAI-PMH/GetRecord/record/metadata/DIDL/Item/Descriptor/Statement/Identifier","urn",6
"OAI-PMH/GetRecord/record/metadata/DIDL/Item/@id","uuid",6
"OAI-PMH/GetRecord/record/metadata/DIF/Data_Set_Citation/Dataset_DOI","doi",61
"OAI-PMH/GetRecord/record/metadata/DIF/Data_Set_Citation/Other_Citation_Details","doi",45
"OAI-PMH/GetRecord/record/metadata/DIF/Entry_ID","text",106
"OAI-PMH/GetRecord/record/metadata/DIF/Reference","doi",54
"OAI-PMH/GetRecord/record/metadata/entry/id","uuid",1
"OAI-PMH/GetRecord/record/metadata/entry/id","urn",1
"OAI-PMH/GetRecord/record/metadata/entry/link/@href","hdl",5
"OAI-PMH/GetRecord/record/metadata/entry/link/@href","urn",1
"OAI-PMH/GetRecord/record/metadata/identifier","hdl",2
"OAI-PMH/GetRecord/record/metadata/item/fileContainer/file/authentication","md5",4
"OAI-PMH/GetRecord/record/metadata/item/fileContainer/file/src","md5",4
"OAI-PMH/GetRecord/record/metadata/item/@uri","urn",1
"OAI-PMH/GetRecord/record/metadata/lido/administrativeMetadata/recordWrap/recordInfoSet/recordInfoID","urn",14
"OAI-PMH/GetRecord/record/metadata/lido/administrativeMetadata/resourceWrap/resourceSet/rightsResource/rightsHolder/legalBodyID","hdl",14
"OAI-PMH/GetRecord/record/metadata/lido/descriptiveMetadata/objectRelationWrap/relatedWorksWrap/relatedWorkSet/relatedWork/displayObject","cooluri",12
"OAI-PMH/GetRecord/record/metadata/MD_Metadata/fileIdentifier/CharacterString","text",50
"OAI-PMH/GetRecord/record/metadata/metadata/idinfo/citation/citeinfo/pubinfo/publish","doi",8
"OAI-PMH/GetRecord/record/metadata/mets/amdSec/@ID","text",4
"OAI-PMH/GetRecord/record/metadata/mets/dmdSec/@ID","text",4
"OAI-PMH/GetRecord/record/metadata/mets/dmdSec/mdWrap/xmlData/identifier","hdl",4
"OAI-PMH/GetRecord/record/metadata/mets/fileSec/fileGrp/file/@CHECKSUM","md5",16
"OAI-PMH/GetRecord/record/metadata/mets/fileSec/fileGrp/file/@ID","text",16
"OAI-PMH/GetRecord/record/metadata/olac/hasPart","hdl",69
"OAI-PMH/GetRecord/record/metadata/olac/hasVersion","hdl",1
"OAI-PMH/GetRecord/record/metadata/olac/identifier","hdl",1947
"OAI-PMH/GetRecord/record/metadata/olac/identifier","cooluri",29
"OAI-PMH/GetRecord/record/metadata/olac/identifier","uuid",6
"OAI-PMH/GetRecord/record/metadata/olac/isPartOf","hdl",20
"OAI-PMH/GetRecord/record/metadata/olac/isRequiredBy","hdl",6
"OAI-PMH/GetRecord/record/metadata/olac/requires","hdl",2
"OAI-PMH/GetRecord/record/metadata/RDF/Publication/@about","urn",3
"OAI-PMH/GetRecord/record/metadata/RDF/Publication/identifier","hdl",3
"OAI-PMH/GetRecord/record/metadata/record/datafield/subfield","doi",41
"OAI-PMH/GetRecord/record/metadata/record/datafield/subfield","uuid",20
"OAI-PMH/GetRecord/record/metadata/record/datafield/subfield","urn",20
"OAI-PMH/GetRecord/record/metadata/record/datafield/subfield","hdl",3
"OAI-PMH/Identify/description/oai-identifier/delimiter","text",49
"OAI-PMH/Identify/description/oai-identifier/repositoryIdentifier","text",49
"OAI-PMH/Identify/description/oai-identifier/sampleIdentifier","urn",48
"OAI-PMH/Identify/description/oai-identifier/scheme","text",49
"OAI-PMH/ListIdentifiers/header/identifier","urn",73411
"OAI-PMH/ListIdentifiers/header/setSpec","urn",21
"OAI-PMH/ListIdentifiers/resumptionToken","md5",6
"OAI-PMH/ListMetadataFormats/metadataFormat/metadataNamespace","urn",6
"OAI-PMH/ListRecords/record/header/identifier","urn",13825
"OAI-PMH/ListRecords/record/header/setSpec","urn",13
"OAI-PMH/ListRecords/record/metadata/article/back/ref-list/ref/citation/pub-id","doi",1
"OAI-PMH/ListRecords/record/metadata/cdwaliteWrap/cdwalite/administrativeMetadata/recordWrap/recordInfoWrap/recordInfoID","urn",59
"OAI-PMH/ListRecords/record/metadata/cdwaliteWrap/cdwalite/administrativeMetadata/resourceWrap/resourceSet/linkResource","md5",202
"OAI-PMH/ListRecords/record/metadata/cdwaliteWrap/cdwalite/descriptiveMetadata/descriptiveNoteWrap/descriptiveNoteSet/descriptiveNote","cooluri",1
"OAI-PMH/ListRecords/record/metadata/crossref/journal/journal_article/citation_list/citation/@key","doi",1060
"OAI-PMH/ListRecords/record/metadata/crossref/journal/journal_article/doi_data/resource","doi",43
"OAI-PMH/ListRecords/record/metadata/crossref/journal/journal_issue/doi_data/resource","doi",4
"OAI-PMH/ListRecords/record/metadata/crossref/journal/journal_metadata/doi_data/doi","doi",1
"OAI-PMH/ListRecords/record/metadata/crossref/journal/journal_metadata/doi_data/resource","doi",1
"OAI-PMH/ListRecords/record/metadata/dc/description","doi",14
"OAI-PMH/ListRecords/record/metadata/dc/description","cooluri",3
"OAI-PMH/ListRecords/record/metadata/dc/description","hdl",2
"OAI-PMH/ListRecords/record/metadata/dc/description","urn",1
"OAI-PMH/ListRecords/record/metadata/dc/identifier","text",3954
"OAI-PMH/ListRecords/record/metadata/dc/identifier","hdl",2036
"OAI-PMH/ListRecords/record/metadata/dc/identifier","doi",1579
"OAI-PMH/ListRecords/record/metadata/dc/identifier","urn",814
"OAI-PMH/ListRecords/record/metadata/dc/identifier","md5",532
"OAI-PMH/ListRecords/record/metadata/dc/identifier","uuid",58
"OAI-PMH/ListRecords/record/metadata/dc/identifier/@pepsIdentifier","text",89
"OAI-PMH/ListRecords/record/metadata/dc/relation","doi",696
"OAI-PMH/ListRecords/record/metadata/dc/relation","urn",96
"OAI-PMH/ListRecords/record/metadata/dc/relation","uuid",1
"OAI-PMH/ListRecords/record/metadata/dc/rights","doi",15
"OAI-PMH/ListRecords/record/metadata/dc/source","doi",57
"OAI-PMH/ListRecords/record/metadata/dc/source","uuid",6
"OAI-PMH/ListRecords/record/metadata/dc/source","urn",2
"OAI-PMH/ListRecords/record/metadata/dc/title","doi",2
"OAI-PMH/ListRecords/record/metadata/DIDL/Item/Descriptor/Statement/dc/identifier","hdl",300
"OAI-PMH/ListRecords/record/metadata/DIDL/Item/Descriptor/Statement/dc/identifier","text",4
"OAI-PMH/ListRecords/record/metadata/DIDL/Item/Descriptor/Statement/dc/identifier","doi",2
"OAI-PMH/ListRecords/record/metadata/DIDL/Item/Descriptor/Statement/Identifier","urn",897
"OAI-PMH/ListRecords/record/metadata/DIDL/Item/Item/Component/Resource/mods/extension/daiList/identifier/@authority","text",1
"OAI-PMH/ListRecords/record/metadata/DIDL/Item/Item/Component/Resource/mods/extension/daiList/identifier/@IDref","text",501
"OAI-PMH/ListRecords/record/metadata/DIDL/Item/Item/Component/Resource/mods/identifier","urn",60
"OAI-PMH/ListRecords/record/metadata/DIDL/Item/Item/Component/Resource/mods/identifier","doi",21
"OAI-PMH/ListRecords/record/metadata/DIDL/Item/Item/Component/Resource/mods/name/@ID","text",523
"OAI-PMH/ListRecords/record/metadata/DIDL/Item/Item/Component/Resource/mods/relatedItem/identifier","urn",234
"OAI-PMH/ListRecords/record/metadata/dim/field","md5",253
"OAI-PMH/ListRecords/record/metadata/dim/field","hdl",100
"OAI-PMH/ListRecords/record/metadata/dim/field","doi",2
"OAI-PMH/ListRecords/record/metadata/entry/link/@href","hdl",200
"OAI-PMH/ListRecords/record/metadata/entry/triples/Description/@about","hdl",400
"OAI-PMH/ListRecords/record/metadata/epicur/record/identifier","urn",150
"OAI-PMH/ListRecords/record/metadata/epicur/record/identifier/@scheme","urn",2
"OAI-PMH/ListRecords/record/metadata/epicur/record/resource/identifier/@role","text",2
"OAI-PMH/ListRecords/record/metadata/epicur/record/resource/identifier/@scheme","text",2
"OAI-PMH/ListRecords/record/metadata/identifier","hdl",98
"OAI-PMH/ListRecords/record/metadata/identifier","doi",2
"OAI-PMH/ListRecords/record/metadata/junii2/URI","hdl",100
"OAI-PMH/ListRecords/record/metadata/metadata/element/element/element/element/field","md5",200
"OAI-PMH/ListRecords/record/metadata/metadata/element/element/element/element/field","hdl",100
"OAI-PMH/ListRecords/record/metadata/metadata/element/field","urn",100
"OAI-PMH/ListRecords/record/metadata/mets/amdSec/@ID","text",68
"OAI-PMH/ListRecords/record/metadata/mets/dmdSec/@ID","text",79
"OAI-PMH/ListRecords/record/metadata/mets/dmdSec/mdWrap/xmlData/description","cooluri",1
"OAI-PMH/ListRecords/record/metadata/mets/dmdSec/mdWrap/xmlData/identifier","hdl",68
"OAI-PMH/ListRecords/record/metadata/mets/fileSec/fileGrp/file/@CHECKSUM","md5",93
"OAI-PMH/ListRecords/record/metadata/mets/fileSec/fileGrp/file/FLocat/@href","md5",13
"OAI-PMH/ListRecords/record/metadata/mets/fileSec/fileGrp/file/@ID","text",128
"OAI-PMH/ListRecords/record/metadata/mets/structMap/div/div/@ID","text",1
"OAI-PMH/ListRecords/record/metadata/mets/structMap/div/@ID","text",1
"OAI-PMH/ListRecords/record/metadata/mods/identifier","hdl",200
"OAI-PMH/ListRecords/record/metadata/mods/identifier","doi",98
"OAI-PMH/ListRecords/record/metadata/oai_datacite/payload/resource/alternateIdentifiers/alternateIdentifier","doi",1
"OAI-PMH/ListRecords/record/metadata/oai_datacite/payload/resource/alternateIdentifiers/alternateIdentifier","urn",1
"OAI-PMH/ListRecords/record/metadata/oai_datacite/payload/resource/identifier","doi",41
"OAI-PMH/ListRecords/record/metadata/oai_datacite/payload/resource/identifier/@identifierType","text",2
"OAI-PMH/ListRecords/record/metadata/ProPrint/Metadata/DCTERMS.Identifier","urn",50
"OAI-PMH/ListRecords/record/metadata/RDF/Publication/@about","urn",100
"OAI-PMH/ListRecords/record/metadata/RDF/Publication/identifier","hdl",100
"OAI-PMH/ListRecords/record/metadata/record/isShownAt","hdl",100
"OAI-PMH/ListRecords/record/metadata/Resource/curation/creator/logo","md5",1
"OAI-PMH/ListRecords/record/metadata/rfc1807/other_access","urn",528
"OAI-PMH/ListRecords/record/metadata/thesis/identifier","hdl",100
"OAI-PMH/ListRecords/record/metadata/uketddc/checksum","md5",1174
"OAI-PMH/ListRecords/record/metadata/uketddc/identifier","text",523
"OAI-PMH/ListRecords/record/metadata/uketddc/identifier","hdl",298
"OAI-PMH/ListRecords/record/metadata/uketddc/identifier","doi",98
"OAI-PMH/ListRecords/record/metadata/uketddc/relation","urn",20
"OAI-PMH/ListRecords/record/metadata/xMetaDiss/identifier","urn",76
"OAI-PMH/ListRecords/resumptionToken","md5",22
"OAI-PMH/request","uuid",1
"OAI-PMH/request/@identifier","urn",61
"OAI-PMH/request/@set","urn",2
"SensorML/member/System/identification/IdentifierList/identifier/@name","text",6
"SensorML/member/System/identification/IdentifierList/identifier/Term/@definition","urn",5
"SensorML/member/System/identification/IdentifierList/identifier/Term/value","text",3
"SensorML/member/System/identification/IdentifierList/identifier/Term/value","urn",1
"SensorML/member/System/outputs/OutputList/output/DataArray/elementType/DataRecord/field/Quantity/@definition","urn",4
"SensorML/member/System/outputs/OutputList/output/DataArray/elementType/DataRecord/field/Time/@definition","urn",1
"WCS_Capabilities/Capability/Request/GetCoverage/DCPType/HTTP/Post/OnlineResource/@href","cooluri",2
"WFS_Capabilities/Capability/Request/GetFeature/DCPType/HTTP/Post/@onlineResource","cooluri",44
"WFS_Capabilities/FeatureTypeList/FeatureType/Abstract","doi",24
"WFS_Capabilities/FeatureTypeList/FeatureType/MetadataURL","uuid",81
"WFS_Capabilities/FeatureTypeList/FeatureType/MetadataURL","md5",5
"WFS_Capabilities/ServiceIdentification/Abstract","md5",2
"WMS_Capabilities/Capability/ExtendedCapabilities/MetadataUrl/URL","uuid",31
"WMS_Capabilities/Capability/Layer/Abstract","uuid",2
"WMS_Capabilities/Capability/Layer/Layer/Abstract","md5",50
"WMS_Capabilities/Capability/Layer/Layer/Abstract","urn",3
"WMS_Capabilities/Capability/Layer/Layer/Layer/Layer/Layer/Layer/Name","text",21
"WMS_Capabilities/Capability/Layer/Layer/Layer/Layer/Layer/Name","text",237
"WMS_Capabilities/Capability/Layer/Layer/Layer/Layer/Name","text",431
"WMS_Capabilities/Capability/Layer/Layer/Layer/Name","text",2962
"WMS_Capabilities/Capability/Layer/Layer/Layer/Title","cooluri",1
"WMS_Capabilities/Capability/Layer/Layer/MetadataURL/OnlineResource/@href","uuid",65
"WMS_Capabilities/Capability/Layer/Layer/MetadataURL/OnlineResource/@href","md5",10
"WMS_Capabilities/Capability/Layer/Layer/Name","text",4723
"WMS_Capabilities/Capability/Layer/MetadataURL/OnlineResource/@href","uuid",1
"WMS_Capabilities/Capability/Layer/Name","text",36
"WMS_Capabilities/Layer/Layer/Name","text",8
"WMS_Capabilities/Layer/Name","text",54
"WMS_Capabilities/OnlineResource/@href","uuid",4
"WMS_Capabilities/Service/Abstract","uuid",8
"WMS_Capabilities/Service/Layer/Layer/Name","text",2
"WMS_Capabilities/Service/Layer/Name","text",28
"WMT_MS_Capabilities/Capability/Layer/Layer/Layer/Name","text",400
"WMT_MS_Capabilities/Capability/Layer/Layer/MetadataURL/OnlineResource/@href","uuid",30
"WMT_MS_Capabilities/Capability/Layer/Layer/Name","text",6405
"WMT_MS_Capabilities/Capability/Layer/Layer/Style/LegendURL/OnlineResource/@href","uuid",52
"WMT_MS_Capabilities/Capability/Layer/Layer/Style/LegendURL/OnlineResource/@href","cooluri",2
"WMT_MS_Capabilities/Capability/Layer/Name","text",126
"WMT_MS_Capabilities/Capability/Request/FeatureInfo/DCPType/HTTP/Post/@onlineResource","cooluri",2
"WMT_MS_Capabilities/Capability/Request/GetStyles/DCPType/HTTP/Post/OnlineResource/@href","cooluri",3
