"tag","match_type","avg_ids"
"Capabilities/Contents/CoverageSummary/Metadata/@href","uuid",1.00
"Capabilities/Contents/ObservationOfferingList/ObservationOffering/featureOfInterest/@href","urn",1.00
"Capabilities/Contents/ObservationOfferingList/ObservationOffering/name","urn",326.00
"Capabilities/Contents/ObservationOfferingList/ObservationOffering/procedure/@href","urn",220.20
"Capabilities/OperationsMetadata/ExtendedCapabilities/Conformity/Specification/ResourceLocator/URL","urn",1.00
"Capabilities/OperationsMetadata/Operation/DCP/HTTP/Post/@href","cooluri",1.00
"Capabilities/OperationsMetadata/Operation/Parameter/AllowedValues/Value","urn",3.00
"Capabilities/OperationsMetadata/Operation/Parameter/Value","urn",1.00
"capabilities/urls/a/@cache","cooluri",2.00
"DescribeSensorResponse/description/SensorDescription/data/System/components/ComponentList/component/Component/identification/IdentifierList/identifier/@name","text",2.00
"DescribeSensorResponse/description/SensorDescription/data/System/components/ComponentList/component/Component/identification/IdentifierList/identifier/Term/value","text",472.00
"DescribeSensorResponse/description/SensorDescription/data/System/identification/IdentifierList/identifier/Term/value","text",1.00
"DIF/Data_Set_Citation/Dataset_DOI","doi",1.00
"DIF/Entry_ID","uuid",1.00
"DIF/Entry_ID","urn",1.00
"DIF/Entry_ID","text",1.00
"DIF/Reference","doi",4.00
"DIF/Related_URL/URL","doi",2.00
"DIF/Related_URL/URL","uuid",1.00
"DIF/Summary/Abstract","doi",2.00
"DIF/Summary/Abstract","urn",1.00
"DS_Series/seriesMetadata/MD_Metadata/fileIdentifier/CharacterString","text",1.00
"DS_Series/seriesMetadata/MI_Metadata/identificationInfo/MD_DataIdentification/citation/CI_Citation/identifier/MD_Identifier/code/Anchor","doi",1.00
"DS_Series/seriesMetadata/MI_Metadata/identificationInfo/MD_DataIdentification/citation/CI_Citation/identifier/MD_Identifier/code/Anchor/@actuate","text",1.00
"DS_Series/seriesMetadata/MI_Metadata/identificationInfo/MD_DataIdentification/citation/CI_Citation/identifier/MD_Identifier/code/Anchor/@href","doi",2.00
"DS_Series/seriesMetadata/MI_Metadata/identificationInfo/MD_DataIdentification/citation/CI_Citation/identifier/MD_Identifier/code/CharacterString","text",3.00
"DS_Series/seriesMetadata/MI_Metadata/identificationInfo/MD_DataIdentification/citation/CI_Citation/identifier/MD_Identifier/codeSpace/CharacterString","text",2.00
"DS_Series/seriesMetadata/MI_Metadata/identificationInfo/MD_DataIdentification/citation/CI_Citation/identifier/MD_Identifier/description/CharacterString","text",4.00
"eml/additionalMetadata/metadata/gbif/bibliography/citation","doi",1.50
"eml/additionalMetadata/metadata/gbif/bibliography/citation/@identifier","doi",1.00
"eml/additionalMetadata/metadata/gbif/citation","doi",1.77
"eml/additionalMetadata/metadata/gbif/citation/@identifier","doi",1.15
"eml/additionalMetadata/metadata/gbif/physical/distribution/online/url","uuid",1.00
"eml/additionalMetadata/metadata/gbif/replaces","uuid",1.00
"eml/dataset/abstract/section/para","doi",1.00
"eml/dataset/alternateIdentifier","doi",1.01
"eml/dataset/alternateIdentifier","uuid",1.00
"eml/dataset/coverage/geographicCoverage/geographicDescription","urn",2.00
"eml/dataset/coverage/geographicCoverage/geographicDescription","cooluri",1.00
"eml/dataset/dataTable/attributeList/attribute/attributeDefinition","cooluri",1.00
"eml/dataset/dataTable/attributeList/attribute/attributeDefinition","urn",1.00
"eml/dataset/dataTable/entityDescription","urn",1.50
"eml/dataset/distribution/online/url","md5",1.00
"eml/dataset/distribution/online/url","doi",1.00
"eml/dataset/@id","cooluri",1.00
"eml/dataset/maintenance/description/para/literalLayout","cooluri",1.00
"eml/dataset/methods/methodStep/description/para/literalLayout","doi",1.00
"eml/dataset/methods/methodStep/description/section/para/literalLayout","doi",1.00
"eml/@packageId","uuid",1.00
"GetRecordByIdResponse/DIF/Originating_Center","uuid",1.00
"GetRecordByIdResponse/entry/link/@href","uuid",1.00
"GetRecordByIdResponse/ExtrinsicObject/@lid","uuid",1.00
"GetRecordByIdResponse/MD_Metadata/distributionInfo/MD_Distribution/transferOptions/MD_DigitalTransferOptions/onLine/CI_OnlineResource/linkage/URL","doi",2.13
"GetRecordByIdResponse/MD_Metadata/fileIdentifier/CharacterString","text",1.00
"GetRecordByIdResponse/MD_Metadata/fileIdentifier/CharacterString","uuid",1.00
"GetRecordByIdResponse/MD_Metadata/identificationInfo/MD_DataIdentification/citation/CI_Citation/identifier/MD_Identifier/code/CharacterString","text",1.00
"GetRecordByIdResponse/MD_Metadata/identificationInfo/MD_DataIdentification/citation/CI_Citation/identifier/RS_Identifier/code/CharacterString","text",1.00
"GetRecordByIdResponse/MD_Metadata/identificationInfo/MD_DataIdentification/citation/CI_Citation/identifier/RS_Identifier/code/PT_FreeText/textGroup/LocalisedCharacterString","text",1.00
"GetRecordByIdResponse/MD_Metadata/identificationInfo/MD_DataIdentification/citation/CI_Citation/identifier/RS_Identifier/code/PT_FreeText/textGroup/LocalisedCharacterString/@locale","text",2.00
"GetRecordByIdResponse/MD_Metadata/identificationInfo/MD_DataIdentification/citation/CI_Citation/identifier/RS_Identifier/codeSpace/CharacterString","text",1.00
"GetRecordByIdResponse/MD_Metadata/identificationInfo/MD_DataIdentification/citation/CI_Citation/identifier/RS_Identifier/code/@type","text",1.00
"GetRecordByIdResponse/MD_Metadata/identificationInfo/MD_DataIdentification/extent/EX_Extent/temporalElement/EX_TemporalExtent/extent/TimePeriod/@id","uuid",1.00
"GetRecordByIdResponse/MD_Metadata/identificationInfo/SV_ServiceIdentification/citation/CI_Citation/identifier/MD_Identifier/code/CharacterString","text",1.00
"GetRecordByIdResponse/MD_Metadata/identificationInfo/SV_ServiceIdentification/operatesOn/@href","uuid",2.70
"GetRecordByIdResponse/metadata/idinfo/datasetid","uuid",1.00
"GetRecordByIdResponse/Record/identifier","uuid",1.00
"GetRecordsResponse/SearchResults/MD_Metadata/contentInfo/MD_FeatureCatalogueDescription/featureCatalogueCitation/@uuidref","uuid",9.00
"GetRecordsResponse/SearchResults/MD_Metadata/dataQualityInfo/DQ_DataQuality/report/DQ_ThematicClassificationCorrectness/result/DQ_QuantitativeResult/valueUnit/UnitDefinition/identifier/@codeSpace","text",1.00
"GetRecordsResponse/SearchResults/MD_Metadata/fileIdentifier/CharacterString","uuid",7.33
"GetRecordsResponse/SearchResults/MD_Metadata/fileIdentifier/CharacterString","md5",3.00
"GetRecordsResponse/SearchResults/MD_Metadata/identificationInfo/MD_DataIdentification/aggregationInfo/MD_AggregateInformation/aggregateDataSetIdentifier/MD_Identifier/code/CharacterString","uuid",7.00
"GetRecordsResponse/SearchResults/MD_Metadata/identificationInfo/MD_DataIdentification/aggregationInfo/MD_AggregateInformation/aggregateDataSetName/CI_Citation/identifier/MD_Identifier/code/CharacterString","uuid",7.00
"GetRecordsResponse/SearchResults/MD_Metadata/identificationInfo/MD_DataIdentification/citation/CI_Citation/identifier/MD_Identifier/code/CharacterString","uuid",10.00
"GetRecordsResponse/SearchResults/MD_Metadata/identificationInfo/MD_DataIdentification/extent/EX_Extent/verticalElement/EX_VerticalExtent/verticalCRS/VerticalCRS/identifier/@codeSpace","text",1.00
"MD_Metadata/dataQualityInfo/DQ_DataQuality/lineage/LI_Lineage/source/LI_Source/sourceCitation/CI_Citation/identifier/MD_Identifier/code/CharacterString","text",9.00
"MD_Metadata/dataQualityInfo/DQ_DataQuality/lineage/LI_Lineage/source/LI_Source/sourceCitation/CI_Citation/identifier/MD_Identifier/code/CharacterString","md5",2.00
"MD_Metadata/dataQualityInfo/DQ_DataQuality/lineage/LI_Lineage/source/@uuidref","uuid",2.00
"MD_Metadata/dataQualityInfo/DQ_DataQuality/lineage/LI_Lineage/statement/CharacterString","doi",4.00
"MD_Metadata/dataQualityInfo/DQ_DataQuality/lineage/LI_Lineage/statement/CharacterString","cooluri",1.33
"MD_Metadata/dataQualityInfo/DQ_DataQuality/lineage/LI_Lineage/statement/CharacterString","uuid",1.00
"MD_Metadata/dataQualityInfo/DQ_DataQuality/lineage/LI_Lineage/statement/CharacterString","urn",1.00
"MD_Metadata/dataQualityInfo/DQ_DataQuality/report/DQ_DomainConsistency/result/DQ_ConformanceResult/explanation/CharacterString","urn",1.00
"MD_Metadata/dataQualityInfo/DQ_DataQuality/report/DQ_DomainConsistency/result/DQ_ConformanceResult/specification/@href","urn",1.00
"MD_Metadata/dataSetURI/CharacterString","doi",2.00
"MD_Metadata/dataSetURI/CharacterString","text",1.00
"MD_Metadata/distributionInfo/MD_Distribution/transferOptions/MD_DigitalTransferOptions/@id","uuid",1.85
"MD_Metadata/distributionInfo/MD_Distribution/transferOptions/MD_DigitalTransferOptions/onLine/CI_OnlineResource/description/CharacterString","doi",2.20
"MD_Metadata/distributionInfo/MD_Distribution/transferOptions/MD_DigitalTransferOptions/onLine/CI_OnlineResource/linkage/URL","doi",1.72
"MD_Metadata/distributionInfo/MD_Distribution/transferOptions/MD_DigitalTransferOptions/onLine/CI_OnlineResource/linkage/URL","uuid",1.00
"MD_Metadata/distributionInfo/MD_Distribution/transferOptions/MD_DigitalTransferOptions/onLine/CI_OnlineResource/linkage/URL","cooluri",1.00
"MD_Metadata/distributionInfo/MD_Distribution/transferOptions/MD_DigitalTransferOptions/onLine/CI_OnlineResource/linkage/URL","md5",1.00
"MD_Metadata/distributionInfo/MD_Distribution/transferOptions/MD_DigitalTransferOptions/onLine/CI_OnlineResource/protocol/CharacterString","urn",1.00
"MD_Metadata/distributionInfo/MD_Distribution/transferOptions/MD_DigitalTransferOptions/onLine/@role","urn",2.00
"MD_Metadata/Esri/MetaID","uuid",1.00
"MD_Metadata/fileIdentifier/CharacterString","md5",1.00
"MD_Metadata/fileIdentifier/CharacterString","uuid",1.00
"MD_Metadata/fileIdentifier/CharacterString","urn",1.00
"MD_Metadata/fileIdentifier/CharacterString","text",1.00
"MD_Metadata/hierarchyLevel/MD_ScopeCode","urn",1.00
"MD_Metadata/identificationInfo/MD_DataIdentification/abstract/CharacterString","doi",1.00
"MD_Metadata/identificationInfo/MD_DataIdentification/abstract/CharacterString","md5",1.00
"MD_Metadata/identificationInfo/MD_DataIdentification/abstract/CharacterString","urn",1.00
"MD_Metadata/identificationInfo/MD_DataIdentification/citation/CI_Citation/citedResponsibleParty/CI_ResponsibleParty/contactInfo/CI_Contact/onlineResource/CI_OnlineResource/linkage/URL","uuid",1.00
"MD_Metadata/identificationInfo/MD_DataIdentification/citation/CI_Citation/edition/CharacterString","uuid",1.00
"MD_Metadata/identificationInfo/MD_DataIdentification/citation/CI_Citation/identifier/MD_Identifier/authority/CI_Citation/date/CI_Date/date/Date","text",1.00
"MD_Metadata/identificationInfo/MD_DataIdentification/citation/CI_Citation/identifier/MD_Identifier/authority/CI_Citation/date/CI_Date/dateType/CI_DateTypeCode","text",1.00
"MD_Metadata/identificationInfo/MD_DataIdentification/citation/CI_Citation/identifier/MD_Identifier/authority/CI_Citation/title/CharacterString","text",1.00
"MD_Metadata/identificationInfo/MD_DataIdentification/citation/CI_Citation/identifier/MD_Identifier/authority/@title","text",1.00
"MD_Metadata/identificationInfo/MD_DataIdentification/citation/CI_Citation/identifier/MD_Identifier/code/CharacterString","uuid",1.00
"MD_Metadata/identificationInfo/MD_DataIdentification/citation/CI_Citation/identifier/MD_Identifier/code/CharacterString","text",1.00
"MD_Metadata/identificationInfo/MD_DataIdentification/citation/CI_Citation/identifier/MD_Identifier/code/FileName/@src","text",1.00
"MD_Metadata/identificationInfo/MD_DataIdentification/citation/CI_Citation/identifier/MD_Identifier/@id","text",1.00
"MD_Metadata/identificationInfo/MD_DataIdentification/citation/CI_Citation/identifier/RS_Identifier/authority/CI_Citation/date/CI_Date/date/Date","text",1.00
"MD_Metadata/identificationInfo/MD_DataIdentification/citation/CI_Citation/identifier/RS_Identifier/authority/CI_Citation/date/CI_Date/dateType/CI_DateTypeCode","text",1.00
"MD_Metadata/identificationInfo/MD_DataIdentification/citation/CI_Citation/identifier/RS_Identifier/authority/CI_Citation/title/CharacterString","text",1.00
"MD_Metadata/identificationInfo/MD_DataIdentification/citation/CI_Citation/identifier/RS_Identifier/code/CharacterString","text",1.07
"MD_Metadata/identificationInfo/MD_DataIdentification/citation/CI_Citation/identifier/RS_Identifier/code/CharacterString","uuid",1.00
"MD_Metadata/identificationInfo/MD_DataIdentification/citation/CI_Citation/identifier/RS_Identifier/code/CharacterString","doi",1.00
"MD_Metadata/identificationInfo/MD_DataIdentification/citation/CI_Citation/identifier/RS_Identifier/codeSpace/CharacterString","text",1.05
"MD_Metadata/identificationInfo/MD_DataIdentification/citation/CI_Citation/identifier/RS_Identifier/version/CharacterString","text",1.00
"MD_Metadata/identificationInfo/MD_DataIdentification/citation/identifier/RS_Identifier/code/CharacterString","text",1.00
"MD_Metadata/identificationInfo/MD_DataIdentification/descriptiveKeywords/MD_Keywords/keyword/CharacterString","urn",1.24
"MD_Metadata/identificationInfo/MD_DataIdentification/descriptiveKeywords/MD_Keywords/keyword/CharacterString","doi",1.00
"MD_Metadata/identificationInfo/MD_DataIdentification/descriptiveKeywords/MD_Keywords/thesaurusName/CI_Citation/identifier/MD_Identifier/code/Anchor","text",1.02
"MD_Metadata/identificationInfo/MD_DataIdentification/descriptiveKeywords/MD_Keywords/thesaurusName/@href","cooluri",1.00
"MD_Metadata/identificationInfo/MD_DataIdentification/descriptiveKeywords/MD_Keywords/thesaurusName/@uuidref","uuid",1.00
"MD_Metadata/identificationInfo/MD_DataIdentification/extent/EX_Extent/temporalElement/EX_TemporalExtent/extent/TimePeriod/@id","uuid",1.00
"MD_Metadata/identificationInfo/MD_DataIdentification/graphicOverview/MD_BrowseGraphic/fileName/CharacterString","uuid",1.00
"MD_Metadata/identificationInfo/MD_DataIdentification/resourceConstraints/MD_LegalConstraints/otherConstraints/CharacterString","doi",1.00
"MD_Metadata/identificationInfo/MD_DataIdentification/resourceConstraints/MD_LegalConstraints/otherConstraints/CharacterString","urn",1.00
"MD_Metadata/identificationInfo/MD_DataIdentification/resourceConstraints/MD_LegalConstraints/useLimitation/CharacterString","doi",1.05
"MD_Metadata/identificationInfo/MD_DataIdentification/resourceConstraints/MD_LegalConstraints/useLimitation/CharacterString","uuid",1.00
"MD_Metadata/identificationInfo/MD_DataIdentification/resourceFormat/MD_Format/name/CharacterString","cooluri",1.05
"MD_Metadata/identificationInfo/MD_DataIdentification/resourceFormat/MD_Format/name/CharacterString","md5",1.00
"MD_Metadata/identificationInfo/MD_DataIdentification/supplementalInformation/CharacterString","doi",1.20
"MD_Metadata/identificationInfo/MD_DataIdentification/supplementalInformation/CharacterString","md5",1.00
"MD_Metadata/identificationInfo/MD_DataIdentification/supplementalInformation/CharacterString","urn",1.00
"MD_Metadata/identificationInfo/SDN_DataIdentification/extent/EX_Extent/verticalElement/EX_VerticalExtent/verticalCRS/VerticalCRS/verticalDatum/VerticalDatum/identifier/@codeSpace","text",1.00
"MD_Metadata/identificationInfo/SV_ServiceIdentification/citation/CI_Citation/identifier/MD_Identifier/code/CharacterString","text",1.00
"MD_Metadata/identificationInfo/SV_ServiceIdentification/citation/CI_Citation/identifier/MD_Identifier/code/CharacterString","uuid",1.00
"MD_Metadata/identificationInfo/SV_ServiceIdentification/citation/CI_Citation/identifier/RS_Identifier/code/CharacterString","text",2.68
"MD_Metadata/identificationInfo/SV_ServiceIdentification/citation/CI_Citation/identifier/RS_Identifier/code/CharacterString","uuid",1.00
"MD_Metadata/identificationInfo/SV_ServiceIdentification/citation/CI_Citation/identifier/RS_Identifier/codeSpace/CharacterString","text",5.25
"MD_Metadata/identificationInfo/SV_ServiceIdentification/containsOperations/SV_OperationMetadata/connectPoint/CI_OnlineResource/linkage/URL","uuid",1.00
"MD_Metadata/identificationInfo/SV_ServiceIdentification/extent/EX_Extent/temporalElement/EX_TemporalExtent/extent/TimePeriod/@id","uuid",1.00
"MD_Metadata/identificationInfo/SV_ServiceIdentification/operatesOn/@href","uuid",2.29
"MD_Metadata/identificationInfo/SV_ServiceIdentification/operatesOn/@uuidref","md5",8.00
"MD_Metadata/identificationInfo/SV_ServiceIdentification/operatesOn/@uuidref","uuid",1.00
"MD_Metadata/parentIdentifier/CharacterString","uuid",1.00
"MD_Metadata/parentIdentifier/CharacterString","text",1.00
"MD_Metadata/parentIdentifier/CharacterString","urn",1.00
"MD_Metadata/parentIdentifier/CharacterString","md5",1.00
"MD_Metadata/referenceSystemInfo/MD_ReferenceSystem/referenceSystemIdentifier/RS_Identifier/authority/CI_Citation/identifier/MD_Identifier/code/CharacterString","text",1.58
"metadata/abstract","doi",2.00
"metadata/abstract","cooluri",1.00
"metadata/Binary/Enclosure/Data","cooluri",1.00
"metadata/Binary/Enclosure/Data/@SourceMetadataDigest","md5",1.00
"metadata/Binary/Thumbnail/img","cooluri",88.00
"metadata/citation","doi",1.00
"metadata/common_information/metadata_source/url","uuid",1.00
"Metadata/dataIdInfo/dataExt/vertEle/vertDatum/datumId/identCode/@SDNIdent","urn",1.00
"Metadata/dataIdInfo/dataScale/scaleDist/uom/UomTime/uomName/@SDNIdent","urn",1.00
"Metadata/dataIdInfo/descKeys/keyword/@SDNIdent","urn",17.50
"metadata/dataIdInfo/descKeys/thesaName/@uuidref","uuid",1.00
"metadata/dataIdInfo/idAbs","doi",2.50
"metadata/dataIdInfo/idAbs","md5",1.56
"metadata/dataIdInfo/idAbs","uuid",1.00
"metadata/dataIdInfo/idAbs","cooluri",1.00
"Metadata/dataIdInfo/idCitation/citRespParty/rpOrgName/@SDNIdent","urn",5.00
"metadata/dataIdInfo/idCitation/otherCitDet","doi",1.00
"Metadata/dataIdInfo/idCitation/resTitle/@SDNIdent","urn",7.00
"metadata/dataIdInfo/idPoC/editorDigest","md5",1.00
"Metadata/dataIdInfo/idPoC/rpOrgName/@SDNIdent","urn",1.00
"metadata/dataIdInfo/idPurp","doi",4.00
"metadata/dataIdInfo/otherKeys/thesaName/@uuidref","uuid",1.00
"Metadata/dataIdInfo/resConst/LegConsts/accessConsts/@SDNIdent","urn",1.50
"metadata/dataIdInfo/resMaint/maintCont/editorDigest","md5",1.00
"metadata/dataqual/attracc/attraccr","doi",1.00
"metadata/dataqual/attracc/attraccr","urn",1.00
"metadata/dataqual/complete","cooluri",1.00
"metadata/dataqual/complete","doi",1.00
"metadata/dataqual/lineage/method/methcite/citeinfo/onlink","doi",2.00
"metadata/dataqual/lineage/method/methcite/citeinfo/onlink","md5",1.00
"metadata/dataqual/lineage/method/methdesc","urn",1.00
"metadata/dataqual/lineage/procstep/procdesc","cooluri",2.26
"metadata/dataqual/lineage/procstep/procdesc","urn",1.69
"metadata/dataqual/lineage/procstep/procdesc","md5",1.50
"metadata/dataqual/lineage/procstep/procdesc","doi",1.13
"metadata/dataqual/lineage/procstep/procdesc","uuid",1.00
"metadata/dataqual/lineage/procstep/srcused","cooluri",1.00
"metadata/dataqual/lineage/procstep/srcused","md5",1.00
"metadata/dataqual/lineage/srcinfo/srccite/citeinfo/onlink","uuid",1.75
"metadata/dataqual/lineage/srcinfo/srccite/citeinfo/onlink","urn",1.67
"metadata/dataqual/lineage/srcinfo/srccite/citeinfo/onlink","doi",1.37
"metadata/dataqual/lineage/srcinfo/srccite/citeinfo/onlink","md5",1.00
"metadata/dataqual/lineage/srcinfo/srccite/citeinfo/onlink","cooluri",1.00
"metadata/dataqual/lineage/srcinfo/srccite/citeinfo/origin","doi",1.00
"metadata/dataqual/lineage/srcinfo/srccite/citeinfo/othercit","doi",1.75
"metadata/dataqual/lineage/srcinfo/srccontr","urn",1.00
"metadata/dataqual/lineage/srcinfo/srccontr","uuid",1.00
"metadata/dataqual/lineage/srcinfo/srcscale","urn",1.00
"metadata/dataqual/posacc/horizpa/horizpar","doi",2.00
"metadata/dataqual/posacc/horizpa/horizpar","urn",1.00
"metadata/dataqual/posacc/horizpa/horizpar","cooluri",1.00
"metadata/dataqual/posacc/vertacc/vertaccr","urn",1.00
"metadata/distinfo/custom","cooluri",1.00
"metadata/distinfo/custom","urn",1.00
"metadata/distinfo/distliab","urn",1.00
"metadata/distinfo/distrib/cntinfo/cntemail","urn",4.00
"metadata/distinfo/distrib/cntinfo/cntinst","cooluri",1.00
"Metadata/distInfo/distributor/distorCont/rpOrgName/@SDNIdent","urn",1.00
"Metadata/distInfo/distributor/distorFormat/formatName/@SDNIdent","urn",2.00
"metadata/distInfo/distTranOps/onLineSrc/linkage","doi",2.00
"metadata/distInfo/distTranOps/onLineSrc/linkage","uuid",1.00
"metadata/distInfo/distTranOps/onLineSrc/linkage","md5",1.00
"Metadata/distInfo/distTranOps/onLineSrc/protocol","urn",1.00
"metadata/distinfo/stdorder/digform/digtinfo/formcont","urn",1.00
"metadata/distinfo/stdorder/digform/digtopt/offoptn/compat","urn",1.00
"metadata/distinfo/stdorder/digform/digtopt/onlinopt/accinstr","doi",2.00
"metadata/distinfo/stdorder/digform/digtopt/onlinopt/accinstr","urn",1.00
"metadata/distinfo/stdorder/digform/digtopt/onlinopt/computer/networka/networkr","doi",2.00
"metadata/distinfo/stdorder/digform/digtopt/onlinopt/computer/networka/networkr","urn",1.00
"metadata/distinfo/stdorder/digform/digtopt/onlinopt/computer/networka/networkr","uuid",1.00
"metadata/distinfo/stdorder/digform/digtopt/onlinopt/computer/networka/networkr","md5",1.00
"metadata/distinfo/stdorder/ordering","urn",1.00
"metadata/distinfo/techpreq","cooluri",1.00
"metadata/doi","doi",1.00
"metadata/doi","uuid",1.00
"metadata/dqInfo/dataLineage/dataSource/srcCitatn/citOnlineRes/linkage","md5",1.00
"metadata/eainfo/detailed/attr/attrdef","doi",2.00
"metadata/eainfo/detailed/attr/attrdef","urn",1.14
"metadata/eainfo/detailed/attr/attrdefs","uuid",1.00
"metadata/eainfo/detailed/attr/attrdomv/codesetd/codesetn","urn",1.00
"metadata/eainfo/detailed/attr/attrdomv/edom/edomvd","cooluri",1.00
"metadata/eainfo/detailed/attr/attrdomv/edom/edomvd","urn",1.00
"metadata/eainfo/detailed/attr/attrdomv/rdom/attrunit","urn",1.00
"metadata/eainfo/detailed/attr/attrdomv/rdom/rdommax","urn",1.00
"metadata/eainfo/detailed/attr/attrdomv/udom","cooluri",2.00
"metadata/eainfo/detailed/attr/attrdomv/udom","urn",1.00
"metadata/eainfo/detailed/attr/attrlabl","urn",1.00
"metadata/eainfo/detailed/attr/attrvai/attrva","md5",1.00
"metadata/eainfo/detailed/enttyp/enttypds","urn",1.00
"metadata/eainfo/overview/eadetcit","doi",1.67
"metadata/eainfo/overview/eadetcit","md5",1.00
"metadata/eainfo/overview/eadetcit","urn",1.00
"metadata/eainfo/overview/eaover","md5",1.00
"metadata/eainfo/overview/eaover","urn",1.00
"metadata/eainfo/overview/eaover","doi",1.00
"metadata/eainfo/overview/eaover","cooluri",1.00
"metadata/Esri/DataProperties/lineage/Process","uuid",40.33
"metadata/Esri/Locator/Properties/CLSID","uuid",1.00
"metadata/Esri/Locator/Properties/UICLSID","uuid",1.00
"metadata/Esri/MetaID","uuid",1.00
"metadata/Esri/PublishedDocID","uuid",1.00
"metadata/identifier","urn",1.00
"metadata/identifier/@qualifier","text",1.36
"metadata/idinfo/accconst","urn",1.00
"metadata/idinfo/agginfo/compinfo/aggmemid/datsetid","text",1.00
"metadata/idinfo/agginfo/conpckid/datsetid","text",1.00
"metadata/idinfo/browse/browseem","cooluri",61.00
"metadata/idinfo/browse/browseem","md5",1.00
"metadata/idinfo/browse/browsen","cooluri",1.00
"metadata/idinfo/browse/browsen","uuid",1.00
"metadata/idinfo/browse/browsen","doi",1.00
"metadata/idinfo/citation/citeinfo/lworkcit/citeinfo/onlink","doi",1.85
"metadata/idinfo/citation/citeinfo/lworkcit/citeinfo/onlink","uuid",1.00
"metadata/idinfo/citation/citeinfo/lworkcit/citeinfo/onlink","md5",1.00
"metadata/idinfo/citation/citeinfo/lworkcit/citeinfo/onlink","urn",1.00
"metadata/idinfo/citation/citeinfo/lworkcit/citeinfo/serinfo/issue","doi",1.00
"metadata/idinfo/citation/citeinfo/onlink","doi",1.04
"metadata/idinfo/citation/citeinfo/onlink","urn",1.04
"metadata/idinfo/citation/citeinfo/onlink","md5",1.00
"metadata/idinfo/citation/citeinfo/onlink","uuid",1.00
"metadata/idinfo/citation/citeinfo/origin","doi",1.00
"metadata/idinfo/citation/citeinfo/othercit","doi",1.47
"metadata/idinfo/citation/citeinfo/othercit","urn",1.00
"metadata/idinfo/citation/citeinfo/othercit","cooluri",1.00
"metadata/idinfo/citation/citeinfo/pubinfo/publish","doi",1.00
"metadata/idinfo/citation/citeinfo/title/@catid","urn",1.00
"metadata/idinfo/citation/citeinfo/title/@catid","uuid",1.00
"metadata/idinfo/citation/descript/abstract","urn",1.00
"metadata/idinfo/citation/eainfo/detailed/attr/attrdomv/edom/edomvd","urn",1.00
"metadata/idinfo/citation/status/progress","cooluri",1.00
"metadata/idinfo/crossref/citeinfo/onlink","doi",2.54
"metadata/idinfo/crossref/citeinfo/onlink","uuid",2.00
"metadata/idinfo/crossref/citeinfo/onlink","md5",1.36
"metadata/idinfo/crossref/citeinfo/onlink","cooluri",1.25
"metadata/idinfo/crossref/citeinfo/onlink","urn",1.00
"metadata/idinfo/crossref/citeinfo/othercit","doi",2.33
"metadata/idinfo/crossref/citeinfo/othercit","md5",1.00
"metadata/idinfo/crossref/citeinfo/othercit","cooluri",1.00
"metadata/idinfo/crossref/citeinfo/title","urn",1.00
"metadata/idinfo/crossref/citeinfo/title","doi",1.00
"metadata/idinfo/datacred","doi",2.61
"metadata/idinfo/datsetid","text",1.00
"metadata/idinfo/descript/abstract","uuid",2.00
"metadata/idinfo/descript/abstract","doi",1.16
"metadata/idinfo/descript/abstract","md5",1.00
"metadata/idinfo/descript/abstract","urn",1.00
"metadata/idinfo/descript/abstract","cooluri",1.00
"metadata/idinfo/descript/noaainfo/reference","doi",1.00
"metadata/idinfo/descript/purpose","cooluri",1.00
"metadata/idinfo/descript/purpose","urn",1.00
"metadata/idinfo/descript/supplinf","doi",1.88
"metadata/idinfo/descript/supplinf","urn",1.18
"metadata/idinfo/descript/supplinf","cooluri",1.02
"metadata/idinfo/descript/supplinf","uuid",1.00
"metadata/idinfo/descript/supplinf","md5",1.00
"metadata/idinfo/ptcontac/cntinfo/cntemail","urn",1.00
"metadata/idinfo/spdom/descgeog","urn",2.00
"metadata/idinfo/spdom/multimal/ovlpdtid/datsetid","text",1.00
"metadata/idinfo/tool/toolcite/citeinfo/onlink","md5",1.00
"metadata/idinfo/tool/toolcite/citeinfo/onlink","cooluri",1.00
"metadata/idinfo/useconst","doi",1.00
"metadata/idinfo/useconst","urn",1.00
"metadata/link_landing","uuid",1.00
"metadata/mdContact/editorDigest","md5",1.70
"Metadata/mdContact/rpOrgName/@SDNIdent","urn",1.00
"Metadata/mdExtInfo/extEleInfo/extEleName","urn",5.00
"metadata/mdFileID","uuid",1.00
"Metadata/mdHrLvName/@SDNIdent","urn",1.00
"metadata/mdMaint/maintCont/editorDigest","md5",1.34
"metadata/meta","uuid",1.00
"metadata/metainfo/metc/cntinfo/cntinst","cooluri",1.00
"metadata/metainfo/metc/cntinfo/hours","urn",1.00
"metadata/metainfo/metextns/onlink","cooluri",2.00
"metadata/metainfo/metuc","uuid",1.00
"metadata/package/description","cooluri",3.00
"metadata/package/format/file","cooluri",177.00
"metadata/package/format/requires/entry/@name","cooluri",4.00
"metadata/ph/methodReference","doi",1.00
"metadata/plmiinfo/missinfo/missdesc","urn",1.00
"metadata/plmiinfo/missinfo/misshist/misssige/procstep/procdesc","urn",1.00
"metadata/project/idinfo/descript/supplinf","doi",2.67
"metadata/project/idinfo/ids/projguid","uuid",1.00
"metadata/project/idinfo/publication/citeinfo/onlink/link","doi",4.33
"metadata/purpose","urn",1.00
"metadata/reference","doi",1.00
"Metadata/refSysInfo/MdCoRefSys/refSysID/identCode/@SDNIdent","urn",1.00
"metadata/resources/resource/resource_url","uuid",1.00
"Metadata/spatRepInfo/GridSpatRep/axDimProps/Dimen/dimResol/Distance/uomName/@SDNIdent","urn",2.00
"metadata/suppleInfo","doi",1.00
"metadata/variable/methodReference","doi",1.00
"MI_Metadata/acquisitionInformation/MI_AcquisitionInformation/instrument/@href","uuid",1.00
"MI_Metadata/acquisitionInformation/MI_AcquisitionInformation/instrument/MI_Instrument/citation/CI_Citation/citedResponsibleParty/CI_ResponsibleParty/contactInfo/CI_Contact/onlineResource/CI_OnlineResource/linkage/URL","md5",1.00
"MI_Metadata/acquisitionInformation/MI_AcquisitionInformation/instrument/MI_Instrument/citation/CI_Citation/identifier/MD_Identifier/code/CharacterString","text",1.00
"MI_Metadata/acquisitionInformation/MI_AcquisitionInformation/instrument/MI_Instrument/identifier/MD_Identifier/code/Anchor","text",1.00
"MI_Metadata/acquisitionInformation/MI_AcquisitionInformation/instrument/MI_Instrument/identifier/MD_Identifier/code/Anchor/@title","text",2.00
"MI_Metadata/acquisitionInformation/MI_AcquisitionInformation/instrument/MI_Instrument/identifier/MD_Identifier/code/CharacterString","text",1.85
"MI_Metadata/acquisitionInformation/MI_AcquisitionInformation/instrument/MI_Instrument/identifier/@nilReason","text",1.00
"MI_Metadata/acquisitionInformation/MI_AcquisitionInformation/instrument/MI_Instrument/@uuid","uuid",1.00
"MI_Metadata/acquisitionInformation/MI_AcquisitionInformation/objective/SDN_Objective/identifier/MD_Identifier/code/CharacterString","text",7.00
"MI_Metadata/acquisitionInformation/MI_AcquisitionInformation/objective/SDN_Objective/objectiveOccurrence/MI_Event/identifier/MD_Identifier/code/CharacterString","text",7.00
"MI_Metadata/acquisitionInformation/MI_AcquisitionInformation/objective/SDN_Objective/sensingInstrument/MI_Instrument/identifier/MD_Identifier/code/CharacterString","text",7.00
"MI_Metadata/acquisitionInformation/MI_AcquisitionInformation/objective/SDN_Objective/sensingInstrument/MI_Instrument/mountedOn/MI_Platform/identifier/MD_Identifier/code/CharacterString","text",7.00
"MI_Metadata/acquisitionInformation/MI_AcquisitionInformation/operation/MI_Operation/description/CharacterString","urn",1.00
"MI_Metadata/acquisitionInformation/MI_AcquisitionInformation/operation/MI_Operation/identifier/MD_Identifier/authority/CI_Citation/citedResponsibleParty/CI_ResponsibleParty/contactInfo/CI_Contact/onlineResource/CI_OnlineResource/applicationProfile/CharacterString","text",1.00
"MI_Metadata/acquisitionInformation/MI_AcquisitionInformation/operation/MI_Operation/identifier/MD_Identifier/authority/CI_Citation/citedResponsibleParty/CI_ResponsibleParty/contactInfo/CI_Contact/onlineResource/CI_OnlineResource/description/CharacterString","text",1.00
"MI_Metadata/acquisitionInformation/MI_AcquisitionInformation/operation/MI_Operation/identifier/MD_Identifier/authority/CI_Citation/citedResponsibleParty/CI_ResponsibleParty/contactInfo/CI_Contact/onlineResource/CI_OnlineResource/function/CI_OnLineFunctionCode","text",1.00
"MI_Metadata/acquisitionInformation/MI_AcquisitionInformation/operation/MI_Operation/identifier/MD_Identifier/authority/CI_Citation/citedResponsibleParty/CI_ResponsibleParty/contactInfo/CI_Contact/onlineResource/CI_OnlineResource/name/CharacterString","text",1.00
"MI_Metadata/acquisitionInformation/MI_AcquisitionInformation/operation/MI_Operation/identifier/MD_Identifier/authority/CI_Citation/citedResponsibleParty/CI_ResponsibleParty/contactInfo/CI_Contact/onlineResource/CI_OnlineResource/protocol/CharacterString","text",1.00
"MI_Metadata/acquisitionInformation/MI_AcquisitionInformation/operation/MI_Operation/identifier/MD_Identifier/authority/CI_Citation/citedResponsibleParty/CI_ResponsibleParty/organisationName/CharacterString","text",1.00
"MI_Metadata/acquisitionInformation/MI_AcquisitionInformation/operation/MI_Operation/identifier/MD_Identifier/authority/CI_Citation/citedResponsibleParty/CI_ResponsibleParty/role/CI_RoleCode","text",1.00
"MI_Metadata/acquisitionInformation/MI_AcquisitionInformation/operation/MI_Operation/identifier/MD_Identifier/authority/CI_Citation/date/CI_Date/dateType/CI_DateTypeCode","text",1.00
"MI_Metadata/acquisitionInformation/MI_AcquisitionInformation/operation/MI_Operation/identifier/MD_Identifier/authority/CI_Citation/edition/CharacterString","text",1.00
"MI_Metadata/acquisitionInformation/MI_AcquisitionInformation/operation/MI_Operation/identifier/MD_Identifier/authority/CI_Citation/editionDate/Date","text",1.00
"MI_Metadata/acquisitionInformation/MI_AcquisitionInformation/operation/MI_Operation/identifier/MD_Identifier/authority/CI_Citation/title/CharacterString","text",1.00
"MI_Metadata/acquisitionInformation/MI_AcquisitionInformation/operation/MI_Operation/identifier/MD_Identifier/code/Anchor","text",1.00
"MI_Metadata/acquisitionInformation/MI_AcquisitionInformation/operation/MI_Operation/identifier/MD_Identifier/code/Anchor/@title","text",1.00
"MI_Metadata/acquisitionInformation/MI_AcquisitionInformation/operation/MI_Operation/identifier/MD_Identifier/code/CharacterString","text",1.03
"MI_Metadata/acquisitionInformation/MI_AcquisitionInformation/operation/MI_Operation/platform/MI_Platform/identifier/MD_Identifier/code/Anchor","text",1.00
"MI_Metadata/acquisitionInformation/MI_AcquisitionInformation/operation/MI_Operation/platform/MI_Platform/identifier/MD_Identifier/code/Anchor/@actuate","text",1.00
"MI_Metadata/acquisitionInformation/MI_AcquisitionInformation/operation/MI_Operation/significantEvent/MI_Event/identifier/MD_Identifier/code/CharacterString","text",2.00
"MI_Metadata/acquisitionInformation/MI_AcquisitionInformation/platform/@href","uuid",1.00
"MI_Metadata/acquisitionInformation/MI_AcquisitionInformation/platform/MI_Platform/description/CharacterString","urn",1.00
"MI_Metadata/acquisitionInformation/MI_AcquisitionInformation/platform/MI_Platform/identifier/MD_Identifier/authority/CI_Citation/alternateTitle/CharacterString","text",3.00
"MI_Metadata/acquisitionInformation/MI_AcquisitionInformation/platform/MI_Platform/identifier/MD_Identifier/authority/CI_Citation/citedResponsibleParty/CI_ResponsibleParty/contactInfo/CI_Contact/address/CI_Address/administrativeArea/CharacterString","text",1.00
"MI_Metadata/acquisitionInformation/MI_AcquisitionInformation/platform/MI_Platform/identifier/MD_Identifier/authority/CI_Citation/citedResponsibleParty/CI_ResponsibleParty/contactInfo/CI_Contact/address/CI_Address/city/CharacterString","text",1.00
"MI_Metadata/acquisitionInformation/MI_AcquisitionInformation/platform/MI_Platform/identifier/MD_Identifier/authority/CI_Citation/citedResponsibleParty/CI_ResponsibleParty/contactInfo/CI_Contact/address/CI_Address/country/CharacterString","text",1.00
"MI_Metadata/acquisitionInformation/MI_AcquisitionInformation/platform/MI_Platform/identifier/MD_Identifier/authority/CI_Citation/citedResponsibleParty/CI_ResponsibleParty/contactInfo/CI_Contact/address/CI_Address/deliveryPoint/CharacterString","text",1.00
"MI_Metadata/acquisitionInformation/MI_AcquisitionInformation/platform/MI_Platform/identifier/MD_Identifier/authority/CI_Citation/citedResponsibleParty/CI_ResponsibleParty/contactInfo/CI_Contact/address/CI_Address/electronicMailAddress/CharacterString","text",1.00
"MI_Metadata/acquisitionInformation/MI_AcquisitionInformation/platform/MI_Platform/identifier/MD_Identifier/authority/CI_Citation/citedResponsibleParty/CI_ResponsibleParty/contactInfo/CI_Contact/address/CI_Address/postalCode/CharacterString","text",1.00
"MI_Metadata/acquisitionInformation/MI_AcquisitionInformation/platform/MI_Platform/identifier/MD_Identifier/authority/CI_Citation/citedResponsibleParty/CI_ResponsibleParty/contactInfo/CI_Contact/contactInstructions/CharacterString","text",1.00
"MI_Metadata/acquisitionInformation/MI_AcquisitionInformation/platform/MI_Platform/identifier/MD_Identifier/authority/CI_Citation/citedResponsibleParty/CI_ResponsibleParty/contactInfo/CI_Contact/onlineResource/CI_OnlineResource/applicationProfile/CharacterString","text",1.00
"MI_Metadata/acquisitionInformation/MI_AcquisitionInformation/platform/MI_Platform/identifier/MD_Identifier/authority/CI_Citation/citedResponsibleParty/CI_ResponsibleParty/contactInfo/CI_Contact/onlineResource/CI_OnlineResource/description/CharacterString","text",1.88
"MI_Metadata/acquisitionInformation/MI_AcquisitionInformation/platform/MI_Platform/identifier/MD_Identifier/authority/CI_Citation/citedResponsibleParty/CI_ResponsibleParty/contactInfo/CI_Contact/onlineResource/CI_OnlineResource/function/CI_OnLineFunctionCode","text",1.02
"MI_Metadata/acquisitionInformation/MI_AcquisitionInformation/platform/MI_Platform/identifier/MD_Identifier/authority/CI_Citation/citedResponsibleParty/CI_ResponsibleParty/contactInfo/CI_Contact/onlineResource/CI_OnlineResource/linkage/URL","text",1.00
"MI_Metadata/acquisitionInformation/MI_AcquisitionInformation/platform/MI_Platform/identifier/MD_Identifier/authority/CI_Citation/citedResponsibleParty/CI_ResponsibleParty/contactInfo/CI_Contact/onlineResource/CI_OnlineResource/name/CharacterString","text",1.86
"MI_Metadata/acquisitionInformation/MI_AcquisitionInformation/platform/MI_Platform/identifier/MD_Identifier/authority/CI_Citation/citedResponsibleParty/CI_ResponsibleParty/contactInfo/CI_Contact/onlineResource/CI_OnlineResource/protocol/CharacterString","text",1.00
"MI_Metadata/acquisitionInformation/MI_AcquisitionInformation/platform/MI_Platform/identifier/MD_Identifier/authority/CI_Citation/citedResponsibleParty/CI_ResponsibleParty/contactInfo/CI_Contact/onlineResource/CI_OnlineResource/@uuid","uuid",1.02
"MI_Metadata/acquisitionInformation/MI_AcquisitionInformation/platform/MI_Platform/identifier/MD_Identifier/authority/CI_Citation/citedResponsibleParty/CI_ResponsibleParty/contactInfo/CI_Contact/onlineResource/@title","text",1.00
"MI_Metadata/acquisitionInformation/MI_AcquisitionInformation/platform/MI_Platform/identifier/MD_Identifier/authority/CI_Citation/citedResponsibleParty/CI_ResponsibleParty/organisationName/CharacterString","text",1.02
"MI_Metadata/acquisitionInformation/MI_AcquisitionInformation/platform/MI_Platform/identifier/MD_Identifier/authority/CI_Citation/citedResponsibleParty/CI_ResponsibleParty/positionName/CharacterString","text",1.00
"MI_Metadata/acquisitionInformation/MI_AcquisitionInformation/platform/MI_Platform/identifier/MD_Identifier/authority/CI_Citation/citedResponsibleParty/CI_ResponsibleParty/role/CI_RoleCode","text",1.00
"MI_Metadata/acquisitionInformation/MI_AcquisitionInformation/platform/MI_Platform/identifier/MD_Identifier/authority/CI_Citation/citedResponsibleParty/CI_ResponsibleParty/@uuid","uuid",1.00
"MI_Metadata/acquisitionInformation/MI_AcquisitionInformation/platform/MI_Platform/identifier/MD_Identifier/authority/CI_Citation/citedResponsibleParty/CI_ResponsibleParty/@uuid","md5",1.00
"MI_Metadata/acquisitionInformation/MI_AcquisitionInformation/platform/MI_Platform/identifier/MD_Identifier/authority/CI_Citation/citedResponsibleParty/@href","uuid",1.00
"MI_Metadata/acquisitionInformation/MI_AcquisitionInformation/platform/MI_Platform/identifier/MD_Identifier/authority/CI_Citation/citedResponsibleParty/@href","md5",1.00
"MI_Metadata/acquisitionInformation/MI_AcquisitionInformation/platform/MI_Platform/identifier/MD_Identifier/authority/CI_Citation/citedResponsibleParty/@title","text",1.08
"MI_Metadata/acquisitionInformation/MI_AcquisitionInformation/platform/MI_Platform/identifier/MD_Identifier/authority/CI_Citation/date/CI_Date/date/Date","text",1.04
"MI_Metadata/acquisitionInformation/MI_AcquisitionInformation/platform/MI_Platform/identifier/MD_Identifier/authority/CI_Citation/date/CI_Date/dateType/CI_DateTypeCode","text",1.00
"MI_Metadata/acquisitionInformation/MI_AcquisitionInformation/platform/MI_Platform/identifier/MD_Identifier/authority/CI_Citation/date/CI_Date/dateType/CI_DateTypeCode/@codeSpace","text",1.00
"MI_Metadata/acquisitionInformation/MI_AcquisitionInformation/platform/MI_Platform/identifier/MD_Identifier/authority/CI_Citation/title/CharacterString","text",1.04
"MI_Metadata/acquisitionInformation/MI_AcquisitionInformation/platform/MI_Platform/identifier/MD_Identifier/authority/CI_Citation/@uuid","md5",1.00
"MI_Metadata/acquisitionInformation/MI_AcquisitionInformation/platform/MI_Platform/identifier/MD_Identifier/code/CharacterString","text",1.29
"MI_Metadata/acquisitionInformation/MI_AcquisitionInformation/platform/MI_Platform/identifier/MD_Identifier/code/@nilReason","text",1.00
"MI_Metadata/acquisitionInformation/MI_AcquisitionInformation/platform/MI_Platform/identifier/RS_Identifier/code/CharacterString","text",1.94
"MI_Metadata/acquisitionInformation/MI_AcquisitionInformation/platform/MI_Platform/instrument/@href","uuid",2.80
"MI_Metadata/acquisitionInformation/MI_AcquisitionInformation/platform/MI_Platform/instrument/MI_Instrument/citation/CI_Citation/citedResponsibleParty/CI_ResponsibleParty/contactInfo/CI_Contact/onlineResource/CI_OnlineResource/linkage/URL","md5",1.93
"MI_Metadata/acquisitionInformation/MI_AcquisitionInformation/platform/MI_Platform/instrument/MI_Instrument/citation/CI_Citation/identifier/MD_Identifier/code/CharacterString","text",3.77
"MI_Metadata/acquisitionInformation/MI_AcquisitionInformation/platform/MI_Platform/instrument/MI_Instrument/identifier/MD_Identifier/code/CharacterString","text",12.45
"MI_Metadata/acquisitionInformation/MI_AcquisitionInformation/platform/MI_Platform/instrument/MI_Instrument/identifier/MD_Identifier/code/@nilReason","text",1.00
"MI_Metadata/acquisitionInformation/MI_AcquisitionInformation/platform/MI_Platform/instrument/MI_Instrument/@uuid","md5",13.00
"MI_Metadata/acquisitionInformation/MI_AcquisitionInformation/platform/MI_Platform/instrument/MI_Instrument/@uuid","uuid",12.75
"MI_Metadata/acquisitionInformation/MI_AcquisitionInformation/platform/MI_Platform/sponsor/CI_ResponsibleParty/@uuid","uuid",2.13
"MI_Metadata/acquisitionInformation/MI_AcquisitionInformation/platform/MI_Platform/sponsor/CI_ResponsibleParty/@uuid","md5",1.00
"MI_Metadata/acquisitionInformation/MI_AcquisitionInformation/platform/MI_Platform/sponsor/@href","uuid",1.00
"MI_Metadata/acquisitionInformation/MI_AcquisitionInformation/platform/MI_Platform/@uuid","md5",6.50
"MI_Metadata/acquisitionInformation/MI_AcquisitionInformation/platform/MI_Platform/@uuid","uuid",1.11
"MI_Metadata/contact/CI_ResponsibleParty/@uuid","md5",1.00
"MI_Metadata/contact/CI_ResponsibleParty/@uuid","uuid",1.00
"MI_Metadata/contact/@href","uuid",1.00
"MI_Metadata/contentInfo/featureCatalogue/MD_FeatureCatalogue/featureType/FC_FeatureType/carrierOfCharacteristics/FC_FeatureAttribute/code/CharacterString","urn",1.00
"MI_Metadata/contentInfo/MD_CoverageDescription/dimension/MD_Band/units/UnitDefinition/name","urn",1.00
"MI_Metadata/contentInfo/MD_CoverageDescription/@uuid","uuid",1.78
"MI_Metadata/contentInfo/MD_FeatureCatalogueDescription/featureCatalogueCitation/CI_Citation/citedResponsibleParty/CI_ResponsibleParty/@uuid","uuid",1.00
"MI_Metadata/contentInfo/MD_FeatureCatalogueDescription/featureCatalogueCitation/CI_Citation/citedResponsibleParty/@href","uuid",1.00
"MI_Metadata/contentInfo/MD_FeatureCatalogueDescription/featureCatalogueCitation/CI_Citation/citedResponsibleParty/@href","md5",1.00
"MI_Metadata/contentInfo/MD_FeatureCatalogueDescription/featureCatalogueCitation/CI_Citation/otherCitationDetails/CharacterString","cooluri",1.00
"MI_Metadata/contentInfo/MD_FeatureCatalogueDescription/featureCatalogueCitation/CI_Citation/otherCitationDetails/CharacterString","doi",1.00
"MI_Metadata/contentInfo/MD_FeatureCatalogueDescription/featureCatalogueCitation/CI_Citation/otherCitationDetails/CharacterString","md5",1.00
"MI_Metadata/contentInfo/MD_FeatureCatalogueDescription/featureCatalogueCitation/CI_Citation/otherCitationDetails/CharacterString","urn",1.00
"MI_Metadata/contentInfo/MD_FeatureCatalogueDescription/featureCatalogueCitation/CI_Citation/title/CharacterString","urn",1.00
"MI_Metadata/contentInfo/MD_ImageDescription/dimension/MD_Band/units/UnitDefinition/identifier/@codeSpace","text",1.00
"MI_Metadata/contentInfo/MI_CoverageDescription/dimension/MD_Band/descriptor/CharacterString","urn",1.00
"MI_Metadata/dataQualityInfo/DQ_DataQuality/lineage/LI_Lineage/processStep/LE_ProcessStep/description/CharacterString","cooluri",2.89
"MI_Metadata/dataQualityInfo/DQ_DataQuality/lineage/LI_Lineage/processStep/LE_ProcessStep/description/CharacterString","doi",1.60
"MI_Metadata/dataQualityInfo/DQ_DataQuality/lineage/LI_Lineage/processStep/LE_ProcessStep/description/CharacterString","urn",1.00
"MI_Metadata/dataQualityInfo/DQ_DataQuality/lineage/LI_Lineage/processStep/LE_ProcessStep/processingInformation/LE_Processing/algorithm/LE_Algorithm/citation/CI_Citation/identifier/MD_Identifier/code/CharacterString","text",1.00
"MI_Metadata/dataQualityInfo/DQ_DataQuality/lineage/LI_Lineage/processStep/LE_ProcessStep/processingInformation/LE_Processing/algorithm/LE_Algorithm/citation/CI_Citation/@uuid","uuid",1.25
"MI_Metadata/dataQualityInfo/DQ_DataQuality/lineage/LI_Lineage/processStep/LE_ProcessStep/processingInformation/LE_Processing/documentation/CI_Citation/identifier/MD_Identifier/code/CharacterString","text",1.00
"MI_Metadata/dataQualityInfo/DQ_DataQuality/lineage/LI_Lineage/processStep/LE_ProcessStep/processingInformation/LE_Processing/identifier/MD_Identifier/code/CharacterString","text",1.39
"MI_Metadata/dataQualityInfo/DQ_DataQuality/lineage/LI_Lineage/processStep/LE_ProcessStep/processingInformation/LE_Processing/softwareReference/CI_Citation/@uuid","uuid",1.00
"MI_Metadata/dataQualityInfo/DQ_DataQuality/lineage/LI_Lineage/processStep/LE_ProcessStep/processor/CI_ResponsibleParty/@uuid","uuid",1.07
"MI_Metadata/dataQualityInfo/DQ_DataQuality/lineage/LI_Lineage/processStep/LE_ProcessStep/processor/CI_ResponsibleParty/@uuid","md5",1.00
"MI_Metadata/dataQualityInfo/DQ_DataQuality/lineage/LI_Lineage/processStep/LE_ProcessStep/processor/@href","uuid",1.04
"MI_Metadata/dataQualityInfo/DQ_DataQuality/lineage/LI_Lineage/processStep/LE_ProcessStep/@uuid","uuid",1.00
"MI_Metadata/dataQualityInfo/DQ_DataQuality/lineage/LI_Lineage/processStep/LI_ProcessStep/description/CharacterString","urn",2.00
"MI_Metadata/dataQualityInfo/DQ_DataQuality/lineage/LI_Lineage/processStep/LI_ProcessStep/description/CharacterString","cooluri",1.00
"MI_Metadata/dataQualityInfo/DQ_DataQuality/lineage/LI_Lineage/processStep/LI_ProcessStep/description/CharacterString","doi",1.00
"MI_Metadata/dataQualityInfo/DQ_DataQuality/lineage/LI_Lineage/processStep/LI_ProcessStep/processor/CI_ResponsibleParty/@uuid","uuid",1.00
"MI_Metadata/dataQualityInfo/DQ_DataQuality/lineage/LI_Lineage/source/LE_Source/sourceCitation/CI_Citation/citedResponsibleParty/CI_ResponsibleParty/contactInfo/CI_Contact/onlineResource/CI_OnlineResource/linkage/URL","doi",1.00
"MI_Metadata/dataQualityInfo/DQ_DataQuality/lineage/LI_Lineage/source/LE_Source/sourceCitation/CI_Citation/citedResponsibleParty/CI_ResponsibleParty/contactInfo/CI_Contact/onlineResource/CI_OnlineResource/linkage/URL","uuid",1.00
"MI_Metadata/dataQualityInfo/DQ_DataQuality/lineage/LI_Lineage/source/LE_Source/sourceCitation/CI_Citation/identifier/MD_Identifier/code/CharacterString","text",1.22
"MI_Metadata/dataQualityInfo/DQ_DataQuality/lineage/LI_Lineage/source/LE_Source/sourceCitation/CI_Citation/identifier/MD_Identifier/code/CharacterString","doi",1.00
"MI_Metadata/dataQualityInfo/DQ_DataQuality/lineage/LI_Lineage/source/LE_Source/sourceExtent/EX_Extent/temporalElement/EX_TemporalExtent/extent/TimePeriod/@id","uuid",1.00
"MI_Metadata/dataQualityInfo/DQ_DataQuality/lineage/LI_Lineage/source/LI_Source/description/CharacterString","urn",1.00
"MI_Metadata/dataQualityInfo/DQ_DataQuality/lineage/LI_Lineage/source/LI_Source/sourceCitation/CI_Citation/citedResponsibleParty/CI_ResponsibleParty/contactInfo/CI_Contact/onlineResource/CI_OnlineResource/linkage/URL","doi",2.00
"MI_Metadata/dataQualityInfo/DQ_DataQuality/lineage/LI_Lineage/source/LI_Source/sourceCitation/CI_Citation/citedResponsibleParty/CI_ResponsibleParty/contactInfo/CI_Contact/onlineResource/CI_OnlineResource/linkage/URL","urn",1.50
"MI_Metadata/dataQualityInfo/DQ_DataQuality/lineage/LI_Lineage/source/LI_Source/sourceCitation/CI_Citation/citedResponsibleParty/CI_ResponsibleParty/contactInfo/CI_Contact/onlineResource/CI_OnlineResource/linkage/URL","uuid",1.50
"MI_Metadata/dataQualityInfo/DQ_DataQuality/lineage/LI_Lineage/source/LI_Source/sourceCitation/CI_Citation/citedResponsibleParty/CI_ResponsibleParty/contactInfo/CI_Contact/onlineResource/CI_OnlineResource/linkage/URL","md5",1.00
"MI_Metadata/dataQualityInfo/DQ_DataQuality/lineage/LI_Lineage/source/LI_Source/sourceCitation/CI_Citation/citedResponsibleParty/CI_ResponsibleParty/@uuid","md5",1.00
"MI_Metadata/dataQualityInfo/DQ_DataQuality/lineage/LI_Lineage/source/LI_Source/sourceCitation/CI_Citation/citedResponsibleParty/CI_ResponsibleParty/@uuid","uuid",1.00
"MI_Metadata/dataQualityInfo/DQ_DataQuality/lineage/LI_Lineage/source/LI_Source/sourceCitation/CI_Citation/identifier/MD_Identifier/code/CharacterString","text",2.05
"MI_Metadata/dataQualityInfo/DQ_DataQuality/lineage/LI_Lineage/source/LI_Source/sourceCitation/CI_Citation/otherCitationDetails/CharacterString","doi",1.00
"MI_Metadata/dataQualityInfo/DQ_DataQuality/lineage/LI_Lineage/source/LI_Source/sourceCitation/CI_Citation/otherCitationDetails/CharacterString","urn",1.00
"MI_Metadata/dataQualityInfo/DQ_DataQuality/lineage/LI_Lineage/source/LI_Source/@uuid","uuid",1.00
"MI_Metadata/dataQualityInfo/DQ_DataQuality/lineage/LI_Lineage/statement/CharacterString","cooluri",1.06
"MI_Metadata/dataQualityInfo/DQ_DataQuality/lineage/LI_Lineage/statement/CharacterString","doi",1.00
"MI_Metadata/dataQualityInfo/DQ_DataQuality/report/DQ_AbsoluteExternalPositionalAccuracy/evaluationMethodDescription/CharacterString","cooluri",1.00
"MI_Metadata/dataQualityInfo/DQ_DataQuality/report/DQ_CompletenessCommission/evaluationMethodDescription/CharacterString","doi",1.00
"MI_Metadata/dataQualityInfo/DQ_DataQuality/report/DQ_ConceptualConsistency/measureDescription/CharacterString","cooluri",1.00
"MI_Metadata/dataQualityInfo/DQ_DataQuality/@uuid","uuid",1.00
"MI_Metadata/dataSetURI/CharacterString","text",1.97
"MI_Metadata/distributionInfo/MD_Distribution/distributor/MD_Distributor/distributionOrderProcess/MD_StandardOrderProcess/fees/CharacterString","urn",1.00
"MI_Metadata/distributionInfo/MD_Distribution/distributor/MD_Distributor/distributionOrderProcess/MD_StandardOrderProcess/orderingInstructions/CharacterString","urn",4.84
"MI_Metadata/distributionInfo/MD_Distribution/distributor/MD_Distributor/distributorContact/CI_ResponsibleParty/contactInfo/CI_Contact/onlineResource/CI_OnlineResource/@uuid","uuid",1.00
"MI_Metadata/distributionInfo/MD_Distribution/distributor/MD_Distributor/distributorContact/CI_ResponsibleParty/@uuid","uuid",1.03
"MI_Metadata/distributionInfo/MD_Distribution/distributor/MD_Distributor/distributorContact/@href","uuid",1.00
"MI_Metadata/distributionInfo/MD_Distribution/distributor/MD_Distributor/distributorTransferOptions/MD_DigitalTransferOptions/onLine/CI_OnlineResource/linkage/URL","uuid",1.00
"MI_Metadata/distributionInfo/MD_Distribution/distributor/MD_Distributor/distributorTransferOptions/MD_DigitalTransferOptions/onLine/CI_OnlineResource/linkage/URL","md5",1.00
"MI_Metadata/distributionInfo/MD_Distribution/distributor/MD_Distributor/distributorTransferOptions/MD_DigitalTransferOptions/onLine/CI_OnlineResource/linkage/URL","urn",1.00
"MI_Metadata/distributionInfo/MD_Distribution/distributor/MD_Distributor/distributorTransferOptions/MD_DigitalTransferOptions/@uuid","uuid",3.00
"MI_Metadata/distributionInfo/MD_Distribution/transferOptions/MD_DigitalTransferOptions/onLine/CI_OnlineResource/description/CharacterString","doi",2.48
"MI_Metadata/distributionInfo/MD_Distribution/transferOptions/MD_DigitalTransferOptions/onLine/CI_OnlineResource/description/CharacterString","urn",1.00
"MI_Metadata/distributionInfo/MD_Distribution/transferOptions/MD_DigitalTransferOptions/onLine/CI_OnlineResource/linkage/URL","doi",4.93
"MI_Metadata/distributionInfo/MD_Distribution/transferOptions/MD_DigitalTransferOptions/onLine/CI_OnlineResource/linkage/URL","md5",1.07
"MI_Metadata/distributionInfo/MD_Distribution/transferOptions/MD_DigitalTransferOptions/onLine/CI_OnlineResource/linkage/URL","uuid",1.00
"MI_Metadata/distributionInfo/MD_Distribution/transferOptions/MD_DigitalTransferOptions/onLine/CI_OnlineResource/linkage/URL","urn",1.00
"MI_Metadata/distributionInfo/MD_Distribution/transferOptions/MD_DigitalTransferOptions/onLine/CI_OnlineResource/linkage/URL","cooluri",1.00
"MI_Metadata/distributionInfo/MD_Distribution/transferOptions/MD_DigitalTransferOptions/onLine/CI_OnlineResource/name/CharacterString","doi",2.10
"MI_Metadata/distributionInfo/MD_Distribution/transferOptions/MD_DigitalTransferOptions/onLine/CI_OnlineResource/@uuid","uuid",1.65
"MI_Metadata/distributionInfo/MD_Distribution/transferOptions/MD_DigitalTransferOptions/onLine/@href","uuid",1.00
"MI_Metadata/fileIdentifier/CharacterString","text",1.00
"MI_Metadata/fileIdentifier/CharacterString","uuid",1.00
"MI_Metadata/identificationInfo/MD_DataIdentification/abstract/CharacterString","doi",1.50
"MI_Metadata/identificationInfo/MD_DataIdentification/abstract/CharacterString","cooluri",1.00
"MI_Metadata/identificationInfo/MD_DataIdentification/aggregationInfo/MD_AggregateInformation/aggregateDataSetIdentifier/MD_Identifier/code/Anchor","doi",1.63
"MI_Metadata/identificationInfo/MD_DataIdentification/aggregationInfo/MD_AggregateInformation/aggregateDataSetIdentifier/MD_Identifier/code/Anchor/@href","doi",3.22
"MI_Metadata/identificationInfo/MD_DataIdentification/aggregationInfo/MD_AggregateInformation/aggregateDataSetIdentifier/MD_Identifier/code/Anchor/@href","uuid",1.00
"MI_Metadata/identificationInfo/MD_DataIdentification/aggregationInfo/MD_AggregateInformation/aggregateDataSetName/CI_Citation/citedResponsibleParty/CI_ResponsibleParty/contactInfo/CI_Contact/onlineResource/CI_OnlineResource/description/CharacterString","doi",2.00
"MI_Metadata/identificationInfo/MD_DataIdentification/aggregationInfo/MD_AggregateInformation/aggregateDataSetName/CI_Citation/citedResponsibleParty/CI_ResponsibleParty/contactInfo/CI_Contact/onlineResource/CI_OnlineResource/linkage/URL","doi",3.35
"MI_Metadata/identificationInfo/MD_DataIdentification/aggregationInfo/MD_AggregateInformation/aggregateDataSetName/CI_Citation/citedResponsibleParty/CI_ResponsibleParty/contactInfo/CI_Contact/onlineResource/CI_OnlineResource/linkage/URL","uuid",1.00
"MI_Metadata/identificationInfo/MD_DataIdentification/aggregationInfo/MD_AggregateInformation/aggregateDataSetName/CI_Citation/citedResponsibleParty/CI_ResponsibleParty/contactInfo/CI_Contact/onlineResource/CI_OnlineResource/@uuid","uuid",2.00
"MI_Metadata/identificationInfo/MD_DataIdentification/aggregationInfo/MD_AggregateInformation/aggregateDataSetName/CI_Citation/identifier/MD_Identifier/authority/CI_Citation/citedResponsibleParty/CI_ResponsibleParty/contactInfo/CI_Contact/address/CI_Address/administrativeArea/CharacterString","text",1.00
"MI_Metadata/identificationInfo/MD_DataIdentification/aggregationInfo/MD_AggregateInformation/aggregateDataSetName/CI_Citation/identifier/MD_Identifier/authority/CI_Citation/citedResponsibleParty/CI_ResponsibleParty/contactInfo/CI_Contact/address/CI_Address/city/CharacterString","text",1.00
"MI_Metadata/identificationInfo/MD_DataIdentification/aggregationInfo/MD_AggregateInformation/aggregateDataSetName/CI_Citation/identifier/MD_Identifier/authority/CI_Citation/citedResponsibleParty/CI_ResponsibleParty/contactInfo/CI_Contact/address/CI_Address/country/CharacterString","text",1.00
"MI_Metadata/identificationInfo/MD_DataIdentification/aggregationInfo/MD_AggregateInformation/aggregateDataSetName/CI_Citation/identifier/MD_Identifier/authority/CI_Citation/citedResponsibleParty/CI_ResponsibleParty/contactInfo/CI_Contact/address/CI_Address/deliveryPoint/CharacterString","text",2.00
"MI_Metadata/identificationInfo/MD_DataIdentification/aggregationInfo/MD_AggregateInformation/aggregateDataSetName/CI_Citation/identifier/MD_Identifier/authority/CI_Citation/citedResponsibleParty/CI_ResponsibleParty/contactInfo/CI_Contact/address/CI_Address/electronicMailAddress/CharacterString","text",1.00
"MI_Metadata/identificationInfo/MD_DataIdentification/aggregationInfo/MD_AggregateInformation/aggregateDataSetName/CI_Citation/identifier/MD_Identifier/authority/CI_Citation/citedResponsibleParty/CI_ResponsibleParty/contactInfo/CI_Contact/address/CI_Address/postalCode/CharacterString","text",1.00
"MI_Metadata/identificationInfo/MD_DataIdentification/aggregationInfo/MD_AggregateInformation/aggregateDataSetName/CI_Citation/identifier/MD_Identifier/authority/CI_Citation/citedResponsibleParty/CI_ResponsibleParty/contactInfo/CI_Contact/onlineResource/CI_OnlineResource/description/CharacterString","text",1.00
"MI_Metadata/identificationInfo/MD_DataIdentification/aggregationInfo/MD_AggregateInformation/aggregateDataSetName/CI_Citation/identifier/MD_Identifier/authority/CI_Citation/citedResponsibleParty/CI_ResponsibleParty/contactInfo/CI_Contact/onlineResource/CI_OnlineResource/function/CI_OnLineFunctionCode/@codeSpace","text",1.00
"MI_Metadata/identificationInfo/MD_DataIdentification/aggregationInfo/MD_AggregateInformation/aggregateDataSetName/CI_Citation/identifier/MD_Identifier/authority/CI_Citation/citedResponsibleParty/CI_ResponsibleParty/contactInfo/CI_Contact/onlineResource/CI_OnlineResource/name/CharacterString","text",1.00
"MI_Metadata/identificationInfo/MD_DataIdentification/aggregationInfo/MD_AggregateInformation/aggregateDataSetName/CI_Citation/identifier/MD_Identifier/authority/CI_Citation/citedResponsibleParty/CI_ResponsibleParty/contactInfo/CI_Contact/onlineResource/CI_OnlineResource/protocol/CharacterString","text",1.00
"MI_Metadata/identificationInfo/MD_DataIdentification/aggregationInfo/MD_AggregateInformation/aggregateDataSetName/CI_Citation/identifier/MD_Identifier/authority/CI_Citation/citedResponsibleParty/CI_ResponsibleParty/contactInfo/CI_Contact/phone/CI_Telephone/voice/CharacterString","text",1.00
"MI_Metadata/identificationInfo/MD_DataIdentification/aggregationInfo/MD_AggregateInformation/aggregateDataSetName/CI_Citation/identifier/MD_Identifier/authority/CI_Citation/citedResponsibleParty/CI_ResponsibleParty/organisationName/CharacterString","text",1.00
"MI_Metadata/identificationInfo/MD_DataIdentification/aggregationInfo/MD_AggregateInformation/aggregateDataSetName/CI_Citation/identifier/MD_Identifier/authority/CI_Citation/citedResponsibleParty/CI_ResponsibleParty/role/CI_RoleCode/@codeSpace","text",1.00
"MI_Metadata/identificationInfo/MD_DataIdentification/aggregationInfo/MD_AggregateInformation/aggregateDataSetName/CI_Citation/identifier/MD_Identifier/authority/CI_Citation/date/CI_Date/date/Date","text",1.00
"MI_Metadata/identificationInfo/MD_DataIdentification/aggregationInfo/MD_AggregateInformation/aggregateDataSetName/CI_Citation/identifier/MD_Identifier/authority/CI_Citation/date/CI_Date/dateType/CI_DateTypeCode/@codeSpace","text",1.00
"MI_Metadata/identificationInfo/MD_DataIdentification/aggregationInfo/MD_AggregateInformation/aggregateDataSetName/CI_Citation/identifier/MD_Identifier/authority/CI_Citation/title/CharacterString","text",1.00
"MI_Metadata/identificationInfo/MD_DataIdentification/aggregationInfo/MD_AggregateInformation/aggregateDataSetName/CI_Citation/identifier/MD_Identifier/code/Anchor","text",2.21
"MI_Metadata/identificationInfo/MD_DataIdentification/aggregationInfo/MD_AggregateInformation/aggregateDataSetName/CI_Citation/identifier/MD_Identifier/code/Anchor","doi",1.00
"MI_Metadata/identificationInfo/MD_DataIdentification/aggregationInfo/MD_AggregateInformation/aggregateDataSetName/CI_Citation/identifier/MD_Identifier/code/Anchor/@actuate","text",1.00
"MI_Metadata/identificationInfo/MD_DataIdentification/aggregationInfo/MD_AggregateInformation/aggregateDataSetName/CI_Citation/identifier/MD_Identifier/code/Anchor/@href","text",2.00
"MI_Metadata/identificationInfo/MD_DataIdentification/aggregationInfo/MD_AggregateInformation/aggregateDataSetName/CI_Citation/identifier/MD_Identifier/code/Anchor/@title","text",1.93
"MI_Metadata/identificationInfo/MD_DataIdentification/aggregationInfo/MD_AggregateInformation/aggregateDataSetName/CI_Citation/identifier/MD_Identifier/code/CharacterString","doi",2.44
"MI_Metadata/identificationInfo/MD_DataIdentification/aggregationInfo/MD_AggregateInformation/aggregateDataSetName/CI_Citation/identifier/MD_Identifier/code/CharacterString","text",1.83
"MI_Metadata/identificationInfo/MD_DataIdentification/aggregationInfo/MD_AggregateInformation/aggregateDataSetName/CI_Citation/identifier/MD_Identifier/code/CharacterString","uuid",1.00
"MI_Metadata/identificationInfo/MD_DataIdentification/aggregationInfo/MD_AggregateInformation/aggregateDataSetName/CI_Citation/otherCitationDetails/CharacterString","doi",2.17
"MI_Metadata/identificationInfo/MD_DataIdentification/aggregationInfo/MD_AggregateInformation/aggregateDataSetName/CI_Citation/series/CI_Series/issueIdentification/CharacterString","doi",1.00
"MI_Metadata/identificationInfo/MD_DataIdentification/aggregationInfo/MD_AggregateInformation/aggregateDataSetName/CI_Citation/title/CharacterString","doi",2.00
"MI_Metadata/identificationInfo/MD_DataIdentification/aggregationInfo/MD_AggregateInformation/aggregateDataSetName/CI_Citation/title/CharacterString","urn",1.00
"MI_Metadata/identificationInfo/MD_DataIdentification/aggregationInfo/MD_AggregateInformation/@uuid","uuid",1.27
"MI_Metadata/identificationInfo/MD_DataIdentification/citation/CI_Citation/citedResponsibleParty/CI_ResponsibleParty/contactInfo/CI_Contact/onlineResource/CI_OnlineResource/linkage/URL","doi",1.71
"MI_Metadata/identificationInfo/MD_DataIdentification/citation/CI_Citation/citedResponsibleParty/CI_ResponsibleParty/contactInfo/CI_Contact/onlineResource/CI_OnlineResource/linkage/URL","urn",1.06
"MI_Metadata/identificationInfo/MD_DataIdentification/citation/CI_Citation/citedResponsibleParty/CI_ResponsibleParty/contactInfo/CI_Contact/onlineResource/CI_OnlineResource/linkage/URL","uuid",1.00
"MI_Metadata/identificationInfo/MD_DataIdentification/citation/CI_Citation/citedResponsibleParty/CI_ResponsibleParty/contactInfo/CI_Contact/onlineResource/CI_OnlineResource/linkage/URL","md5",1.00
"MI_Metadata/identificationInfo/MD_DataIdentification/citation/CI_Citation/citedResponsibleParty/CI_ResponsibleParty/@uuid","uuid",1.45
"MI_Metadata/identificationInfo/MD_DataIdentification/citation/CI_Citation/citedResponsibleParty/CI_ResponsibleParty/@uuid","md5",1.00
"MI_Metadata/identificationInfo/MD_DataIdentification/citation/CI_Citation/citedResponsibleParty/@href","uuid",1.00
"MI_Metadata/identificationInfo/MD_DataIdentification/citation/CI_Citation/date/CI_Date/date/DateTime","urn",1.00
"MI_Metadata/identificationInfo/MD_DataIdentification/citation/CI_Citation/identifier/MD_Identifier/authority/CI_Citation/citedResponsibleParty/CI_ResponsibleParty/contactInfo/CI_Contact/address/CI_Address/administrativeArea/CharacterString","text",1.00
"MI_Metadata/identificationInfo/MD_DataIdentification/citation/CI_Citation/identifier/MD_Identifier/authority/CI_Citation/citedResponsibleParty/CI_ResponsibleParty/contactInfo/CI_Contact/address/CI_Address/city/CharacterString","text",1.00
"MI_Metadata/identificationInfo/MD_DataIdentification/citation/CI_Citation/identifier/MD_Identifier/authority/CI_Citation/citedResponsibleParty/CI_ResponsibleParty/contactInfo/CI_Contact/address/CI_Address/country/CharacterString","text",1.00
"MI_Metadata/identificationInfo/MD_DataIdentification/citation/CI_Citation/identifier/MD_Identifier/authority/CI_Citation/citedResponsibleParty/CI_ResponsibleParty/contactInfo/CI_Contact/address/CI_Address/deliveryPoint/CharacterString","text",1.00
"MI_Metadata/identificationInfo/MD_DataIdentification/citation/CI_Citation/identifier/MD_Identifier/authority/CI_Citation/citedResponsibleParty/CI_ResponsibleParty/contactInfo/CI_Contact/address/CI_Address/electronicMailAddress/CharacterString","text",1.00
"MI_Metadata/identificationInfo/MD_DataIdentification/citation/CI_Citation/identifier/MD_Identifier/authority/CI_Citation/citedResponsibleParty/CI_ResponsibleParty/contactInfo/CI_Contact/address/CI_Address/postalCode/CharacterString","text",1.00
"MI_Metadata/identificationInfo/MD_DataIdentification/citation/CI_Citation/identifier/MD_Identifier/authority/CI_Citation/citedResponsibleParty/CI_ResponsibleParty/contactInfo/CI_Contact/contactInstructions/CharacterString","text",1.00
"MI_Metadata/identificationInfo/MD_DataIdentification/citation/CI_Citation/identifier/MD_Identifier/authority/CI_Citation/citedResponsibleParty/CI_ResponsibleParty/contactInfo/CI_Contact/onlineResource/CI_OnlineResource/description/CharacterString","text",1.00
"MI_Metadata/identificationInfo/MD_DataIdentification/citation/CI_Citation/identifier/MD_Identifier/authority/CI_Citation/citedResponsibleParty/CI_ResponsibleParty/contactInfo/CI_Contact/onlineResource/CI_OnlineResource/function/CI_OnLineFunctionCode","text",1.00
"MI_Metadata/identificationInfo/MD_DataIdentification/citation/CI_Citation/identifier/MD_Identifier/authority/CI_Citation/citedResponsibleParty/CI_ResponsibleParty/contactInfo/CI_Contact/onlineResource/CI_OnlineResource/name/CharacterString","text",1.00
"MI_Metadata/identificationInfo/MD_DataIdentification/citation/CI_Citation/identifier/MD_Identifier/authority/CI_Citation/citedResponsibleParty/CI_ResponsibleParty/contactInfo/CI_Contact/phone/CI_Telephone/facsimile/CharacterString","text",1.00
"MI_Metadata/identificationInfo/MD_DataIdentification/citation/CI_Citation/identifier/MD_Identifier/authority/CI_Citation/citedResponsibleParty/CI_ResponsibleParty/contactInfo/CI_Contact/phone/CI_Telephone/voice/CharacterString","text",1.00
"MI_Metadata/identificationInfo/MD_DataIdentification/citation/CI_Citation/identifier/MD_Identifier/authority/CI_Citation/citedResponsibleParty/CI_ResponsibleParty/organisationName/CharacterString","text",1.00
"MI_Metadata/identificationInfo/MD_DataIdentification/citation/CI_Citation/identifier/MD_Identifier/authority/CI_Citation/citedResponsibleParty/CI_ResponsibleParty/role/CI_RoleCode","text",1.01
"MI_Metadata/identificationInfo/MD_DataIdentification/citation/CI_Citation/identifier/MD_Identifier/authority/CI_Citation/citedResponsibleParty/CI_ResponsibleParty/role/CI_RoleCode/@codeSpace","text",1.00
"MI_Metadata/identificationInfo/MD_DataIdentification/citation/CI_Citation/identifier/MD_Identifier/authority/CI_Citation/date/CI_Date/date/Date","text",1.00
"MI_Metadata/identificationInfo/MD_DataIdentification/citation/CI_Citation/identifier/MD_Identifier/authority/CI_Citation/otherCitationDetails/CharacterString","doi",1.00
"MI_Metadata/identificationInfo/MD_DataIdentification/citation/CI_Citation/identifier/MD_Identifier/authority/CI_Citation/otherCitationDetails/CharacterString","text",1.00
"MI_Metadata/identificationInfo/MD_DataIdentification/citation/CI_Citation/identifier/MD_Identifier/authority/CI_Citation/title/CharacterString","text",1.04
"MI_Metadata/identificationInfo/MD_DataIdentification/citation/CI_Citation/identifier/MD_Identifier/code/Anchor","text",1.01
"MI_Metadata/identificationInfo/MD_DataIdentification/citation/CI_Citation/identifier/MD_Identifier/code/Anchor","doi",1.00
"MI_Metadata/identificationInfo/MD_DataIdentification/citation/CI_Citation/identifier/MD_Identifier/code/Anchor/@actuate","text",1.00
"MI_Metadata/identificationInfo/MD_DataIdentification/citation/CI_Citation/identifier/MD_Identifier/code/Anchor/@href","doi",1.63
"MI_Metadata/identificationInfo/MD_DataIdentification/citation/CI_Citation/identifier/MD_Identifier/code/Anchor/@href","text",1.01
"MI_Metadata/identificationInfo/MD_DataIdentification/citation/CI_Citation/identifier/MD_Identifier/code/Anchor/@title","text",1.00
"MI_Metadata/identificationInfo/MD_DataIdentification/citation/CI_Citation/identifier/MD_Identifier/code/CharacterString","text",1.04
"MI_Metadata/identificationInfo/MD_DataIdentification/citation/CI_Citation/identifier/MD_Identifier/code/CharacterString","doi",1.00
"MI_Metadata/identificationInfo/MD_DataIdentification/citation/CI_Citation/identifier/MD_Identifier/code/CharacterString","uuid",1.00
"MI_Metadata/identificationInfo/MD_DataIdentification/citation/CI_Citation/otherCitationDetails/CharacterString","cooluri",1.00
"MI_Metadata/identificationInfo/MD_DataIdentification/citation/CI_Citation/otherCitationDetails/CharacterString","doi",1.00
"MI_Metadata/identificationInfo/MD_DataIdentification/credit/CharacterString","doi",2.40
"MI_Metadata/identificationInfo/MD_DataIdentification/descriptiveKeywords/MD_Keywords/keyword/CharacterString","urn",1.00
"MI_Metadata/identificationInfo/MD_DataIdentification/descriptiveKeywords/MD_Keywords/thesaurusName/CI_Citation/citedResponsibleParty/CI_ResponsibleParty/contactInfo/CI_Contact/onlineResource/CI_OnlineResource/@uuid","uuid",1.02
"MI_Metadata/identificationInfo/MD_DataIdentification/descriptiveKeywords/MD_Keywords/thesaurusName/CI_Citation/citedResponsibleParty/CI_ResponsibleParty/@uuid","uuid",1.12
"MI_Metadata/identificationInfo/MD_DataIdentification/descriptiveKeywords/MD_Keywords/thesaurusName/CI_Citation/citedResponsibleParty/CI_ResponsibleParty/@uuid","md5",1.00
"MI_Metadata/identificationInfo/MD_DataIdentification/descriptiveKeywords/MD_Keywords/thesaurusName/CI_Citation/citedResponsibleParty/@href","md5",1.00
"MI_Metadata/identificationInfo/MD_DataIdentification/descriptiveKeywords/MD_Keywords/thesaurusName/CI_Citation/citedResponsibleParty/@href","uuid",1.00
"MI_Metadata/identificationInfo/MD_DataIdentification/descriptiveKeywords/MD_Keywords/thesaurusName/CI_Citation/identifier/MD_Identifier/code/CharacterString","text",1.00
"MI_Metadata/identificationInfo/MD_DataIdentification/descriptiveKeywords/MD_Keywords/thesaurusName/CI_Citation/@uuid","uuid",2.13
"MI_Metadata/identificationInfo/MD_DataIdentification/descriptiveKeywords/MD_Keywords/thesaurusName/CI_Citation/@uuid","md5",1.99
"MI_Metadata/identificationInfo/MD_DataIdentification/descriptiveKeywords/MD_Keywords/thesaurusName/@href","uuid",3.00
"MI_Metadata/identificationInfo/MD_DataIdentification/descriptiveKeywords/MD_Keywords/thesaurusName/@href","md5",2.00
"MI_Metadata/identificationInfo/MD_DataIdentification/descriptiveKeywords/MD_Keywords/thesaurusName/@uuidref","uuid",1.00
"MI_Metadata/identificationInfo/MD_DataIdentification/descriptiveKeywords/MD_Keywords/@uuid","uuid",1.80
"MI_Metadata/identificationInfo/MD_DataIdentification/graphicOverview/MD_BrowseGraphic/fileName/CharacterString","uuid",1.00
"MI_Metadata/identificationInfo/MD_DataIdentification/graphicOverview/MD_BrowseGraphic/fileName/CharacterString","cooluri",1.00
"MI_Metadata/identificationInfo/MD_DataIdentification/pointOfContact/CI_ResponsibleParty/@uuid","uuid",1.21
"MI_Metadata/identificationInfo/MD_DataIdentification/pointOfContact/@href","uuid",1.00
"MI_Metadata/identificationInfo/MD_DataIdentification/purpose/CharacterString","doi",2.00
"MI_Metadata/identificationInfo/MD_DataIdentification/purpose/CharacterString","urn",1.00
"MI_Metadata/identificationInfo/MD_DataIdentification/resourceConstraints/@href","uuid",2.04
"MI_Metadata/identificationInfo/MD_DataIdentification/resourceConstraints/MD_Constraints/useLimitation/CharacterString","doi",1.43
"MI_Metadata/identificationInfo/MD_DataIdentification/resourceConstraints/MD_Constraints/useLimitation/CharacterString","urn",1.00
"MI_Metadata/identificationInfo/MD_DataIdentification/resourceConstraints/MD_Constraints/@uuid","uuid",1.96
"MI_Metadata/identificationInfo/MD_DataIdentification/resourceConstraints/MD_LegalConstraints/otherConstraints/CharacterString","doi",1.03
"MI_Metadata/identificationInfo/MD_DataIdentification/resourceConstraints/MD_LegalConstraints/otherConstraints/CharacterString","urn",1.00
"MI_Metadata/identificationInfo/MD_DataIdentification/resourceConstraints/MD_LegalConstraints/useLimitation/CharacterString","doi",1.00
"MI_Metadata/identificationInfo/MD_DataIdentification/resourceConstraints/MD_LegalConstraints/@uuid","uuid",1.00
"MI_Metadata/identificationInfo/MD_DataIdentification/resourceMaintenance/MD_MaintenanceInformation/maintenanceNote/CharacterString","cooluri",1.00
"MI_Metadata/identificationInfo/MD_DataIdentification/supplementalInformation/CharacterString","doi",1.67
"MI_Metadata/identificationInfo/MD_DataIdentification/supplementalInformation/CharacterString","cooluri",1.50
"MI_Metadata/identificationInfo/MD_DataIdentification/supplementalInformation/CharacterString","urn",1.00
"MI_Metadata/identificationInfo/SV_ServiceIdentification/citation/CI_Citation/citedResponsibleParty/CI_ResponsibleParty/contactInfo/CI_Contact/onlineResource/CI_OnlineResource/linkage/URL","md5",1.58
"MI_Metadata/identificationInfo/SV_ServiceIdentification/citation/CI_Citation/citedResponsibleParty/CI_ResponsibleParty/contactInfo/CI_Contact/onlineResource/CI_OnlineResource/linkage/URL","doi",1.00
"MI_Metadata/identificationInfo/SV_ServiceIdentification/citation/CI_Citation/citedResponsibleParty/CI_ResponsibleParty/contactInfo/CI_Contact/onlineResource/CI_OnlineResource/linkage/URL","uuid",1.00
"MI_Metadata/identificationInfo/SV_ServiceIdentification/citation/CI_Citation/citedResponsibleParty/CI_ResponsibleParty/contactInfo/CI_Contact/onlineResource/CI_OnlineResource/linkage/URL","cooluri",1.00
"MI_Metadata/identificationInfo/SV_ServiceIdentification/descriptiveKeywords/@href","uuid",1.00
"MI_Metadata/identificationInfo/SV_ServiceIdentification/descriptiveKeywords/MD_Keywords/thesaurusName/CI_Citation/citedResponsibleParty/CI_ResponsibleParty/contactInfo/CI_Contact/onlineResource/CI_OnlineResource/@uuid","uuid",1.00
"MI_Metadata/identificationInfo/SV_ServiceIdentification/descriptiveKeywords/MD_Keywords/thesaurusName/CI_Citation/citedResponsibleParty/CI_ResponsibleParty/@uuid","uuid",1.00
"MI_Metadata/identificationInfo/SV_ServiceIdentification/descriptiveKeywords/MD_Keywords/thesaurusName/CI_Citation/citedResponsibleParty/CI_ResponsibleParty/@uuid","md5",1.00
"MI_Metadata/identificationInfo/SV_ServiceIdentification/descriptiveKeywords/MD_Keywords/thesaurusName/CI_Citation/@uuid","uuid",1.00
"MI_Metadata/identificationInfo/SV_ServiceIdentification/pointOfContact/CI_ResponsibleParty/@uuid","uuid",1.00
"MI_Metadata/identificationInfo/SV_ServiceIdentification/pointOfContact/@href","uuid",1.00
"MI_Metadata/identificationInfo/SV_ServiceIdentification/serviceType/LocalName","urn",1.00
"MI_Metadata/identificationInfo/SV_ServiceIdentification/@uuid","uuid",1.56
"MI_Metadata/metadataExtensionInfo/MD_MetadataExtensionInformation/extensionOnLineResource/CI_OnlineResource/@uuid","uuid",1.00
"MI_Metadata/metadataExtensionInfo/MD_MetadataExtensionInformation/extensionOnLineResource/@href","uuid",1.00
"MI_Metadata/metadataMaintenance/MD_MaintenanceInformation/contact/CI_ResponsibleParty/contactInfo/CI_Contact/hoursOfService/CharacterString","urn",1.00
"MI_Metadata/metadataMaintenance/MD_MaintenanceInformation/contact/CI_ResponsibleParty/@uuid","md5",1.00
"MI_Metadata/metadataMaintenance/MD_MaintenanceInformation/contact/CI_ResponsibleParty/@uuid","uuid",1.00
"MI_Metadata/metadataMaintenance/MD_MaintenanceInformation/contact/@href","uuid",1.00
"MI_Metadata/parentIdentifier/CharacterString","text",1.00
"MI_Metadata/referenceSystemInfo/@href","uuid",1.65
"MI_Metadata/referenceSystemInfo/MD_ReferenceSystem/referenceSystemIdentifier/RS_Identifier/authority/CI_Citation/citedResponsibleParty/CI_ResponsibleParty/@uuid","uuid",1.01
"MI_Metadata/referenceSystemInfo/MD_ReferenceSystem/@uuid","uuid",1.85
"MI_Metadata/spatialRepresentationInfo/MD_VectorSpatialRepresentation/@uuid","uuid",1.00
"MI_Metadata/@uuid","uuid",1.00
"OAI-PMH/GetRecord/record/about/provenance/originDescription/identifier","urn",1.00
"OAI-PMH/GetRecord/record/about/provenance/originDescription/identifier","uuid",1.00
"OAI-PMH/GetRecord/record/header/identifier","urn",1.00
"OAI-PMH/GetRecord/record/header/identifier","doi",1.00
"OAI-PMH/GetRecord/record/header/setSpec","urn",1.00
"OAI-PMH/GetRecord/record/metadata/CMD/Components/collection/CollectionInfo/@ComponentId","urn",1.00
"OAI-PMH/GetRecord/record/metadata/CMD/Components/collection/CollectionInfo/ISO639/@ComponentId","urn",1.00
"OAI-PMH/GetRecord/record/metadata/CMD/Components/collection/Contact/@ComponentId","urn",1.00
"OAI-PMH/GetRecord/record/metadata/CMD/Components/collection/License/@ComponentId","urn",1.00
"OAI-PMH/GetRecord/record/metadata/CMD/Components/collection/WebReference/@ComponentId","urn",1.00
"OAI-PMH/GetRecord/record/metadata/CMD/Components/data/resourceInfo/identificationInfo/identifier","hdl",1.00
"OAI-PMH/GetRecord/record/metadata/CMD/Components/LexicalResourceProfile/Access/@ComponentId","urn",1.00
"OAI-PMH/GetRecord/record/metadata/CMD/Components/LexicalResourceProfile/Access/Contact/@ComponentId","urn",1.00
"OAI-PMH/GetRecord/record/metadata/CMD/Components/LexicalResourceProfile/Creation/Annotation/AnnotationToolInfo/@ComponentId","urn",1.00
"OAI-PMH/GetRecord/record/metadata/CMD/Components/LexicalResourceProfile/Creation/Annotation/@ComponentId","urn",1.00
"OAI-PMH/GetRecord/record/metadata/CMD/Components/LexicalResourceProfile/Creation/@ComponentId","urn",1.00
"OAI-PMH/GetRecord/record/metadata/CMD/Components/LexicalResourceProfile/Creation/CreationToolInfo/@ComponentId","urn",1.00
"OAI-PMH/GetRecord/record/metadata/CMD/Components/LexicalResourceProfile/Creation/Creators/@ComponentId","urn",1.00
"OAI-PMH/GetRecord/record/metadata/CMD/Components/LexicalResourceProfile/Creation/Creators/Creator/@ComponentId","urn",1.00
"OAI-PMH/GetRecord/record/metadata/CMD/Components/LexicalResourceProfile/Creation/Source/@ComponentId","urn",1.00
"OAI-PMH/GetRecord/record/metadata/CMD/Components/LexicalResourceProfile-DLU/GeneralInfo-DLU/@ComponentId","urn",1.00
"OAI-PMH/GetRecord/record/metadata/CMD/Components/LexicalResourceProfile/GeneralInfo/@ComponentId","urn",1.00
"OAI-PMH/GetRecord/record/metadata/CMD/Components/LexicalResourceProfile/LexicalResource/Access/CatalogueLink","hdl",1.00
"OAI-PMH/GetRecord/record/metadata/CMD/Components/LexicalResourceProfile/LexicalResource/Access/CatalogueLink","md5",1.00
"OAI-PMH/GetRecord/record/metadata/CMD/Components/LexicalResourceProfile/LexiconContext/@ComponentId","urn",1.00
"OAI-PMH/GetRecord/record/metadata/CMD/Components/LexicalResourceProfile/LexiconContext/Descriptions/@ComponentId","urn",1.00
"OAI-PMH/GetRecord/record/metadata/CMD/Components/LexicalResourceProfile/LexiconContext/HeadwordType/@ComponentId","urn",1.00
"OAI-PMH/GetRecord/record/metadata/CMD/Components/LexicalResourceProfile/LexiconContext/ModalityInfo/@ComponentId","urn",1.00
"OAI-PMH/GetRecord/record/metadata/CMD/Components/LexicalResourceProfile/LexiconContext/SubjectLanguages/@ComponentId","urn",1.00
"OAI-PMH/GetRecord/record/metadata/CMD/Components/LexicalResourceProfile/LexiconContext/SubjectLanguages/SubjectLanguage/@ComponentId","urn",1.00
"OAI-PMH/GetRecord/record/metadata/CMD/Components/LexicalResourceProfile/Project/@ComponentId","urn",1.00
"OAI-PMH/GetRecord/record/metadata/CMD/Components/LexicalResourceProfile/Project/Cooperations/@ComponentId","urn",1.00
"OAI-PMH/GetRecord/record/metadata/CMD/Components/LexicalResourceProfile/Project/Cooperations/Cooperation/@ComponentId","urn",1.00
"OAI-PMH/GetRecord/record/metadata/CMD/Components/LexicalResourceProfile/Project/Duration/@ComponentId","urn",1.00
"OAI-PMH/GetRecord/record/metadata/CMD/Components/LexicalResourceProfile/Project/Institution/@ComponentId","urn",1.00
"OAI-PMH/GetRecord/record/metadata/CMD/Components/LexicalResourceProfile/Project/Institution/Location/@ComponentId","urn",1.00
"OAI-PMH/GetRecord/record/metadata/CMD/Components/LexicalResourceProfile/Project/Institution/Location/Country/@ComponentId","urn",1.00
"OAI-PMH/GetRecord/record/metadata/CMD/Components/LexicalResourceProfile/SizeInfo/@ComponentId","urn",1.00
"OAI-PMH/GetRecord/record/metadata/CMD/Components/LexicalResourceProfile/SizeInfo/SizePerLanguage/@ComponentId","urn",1.00
"OAI-PMH/GetRecord/record/metadata/CMD/Components/LexicalResourceProfile/SizeInfo/SizePerLanguage/Language/@ComponentId","urn",1.00
"OAI-PMH/GetRecord/record/metadata/CMD/Components/LexicalResourceProfile/SizeInfo/SizePerLanguage/Language/ISO639/@ComponentId","urn",1.00
"OAI-PMH/GetRecord/record/metadata/CMD/Components/LexicalResourceProfile/SizeInfo/TotalSize/@ComponentId","urn",1.00
"OAI-PMH/GetRecord/record/metadata/CMD/Components/LexicalResourceProfile/TextTechnical/@ComponentId","urn",1.00
"OAI-PMH/GetRecord/record/metadata/CMD/Components/LexicalResourceProfile/TextTechnical/MimeTypes/@ComponentId","urn",1.00
"OAI-PMH/GetRecord/record/metadata/CMD/Components/LINDAT_CLARIN/bibliographicInfo/identifiers/identifier","hdl",1.00
"OAI-PMH/GetRecord/record/metadata/CMD/Header/MdProfile","urn",1.00
"OAI-PMH/GetRecord/record/metadata/CMD/Header/MdSelfLink","md5",1.00
"OAI-PMH/GetRecord/record/metadata/CMD/Header/MdSelfLink","hdl",1.00
"OAI-PMH/GetRecord/record/metadata/CMD/Resources/IsPartOfList/IsPartOf","hdl",1.00
"OAI-PMH/GetRecord/record/metadata/CMD/Resources/ResourceProxyList/ResourceProxy/ResourceRef","hdl",9.52
"OAI-PMH/GetRecord/record/metadata/CMD/Resources/ResourceProxyList/ResourceProxy/ResourceRef","md5",1.83
"OAI-PMH/GetRecord/record/metadata/codeBook/dataDscr/var/catgry/labl","cooluri",1.00
"OAI-PMH/GetRecord/record/metadata/codeBook/dataDscr/varGrp/@ID","text",3.05
"OAI-PMH/GetRecord/record/metadata/codeBook/dataDscr/var/@ID","text",43.04
"OAI-PMH/GetRecord/record/metadata/codeBook/fileDscr/fileTxt/fileName/@ID","text",1.00
"OAI-PMH/GetRecord/record/metadata/codeBook/@ID","text",1.00
"OAI-PMH/GetRecord/record/metadata/codeBook/stdyDscr/citation/distStmt/contact/@URI","text",1.00
"OAI-PMH/GetRecord/record/metadata/codeBook/stdyDscr/citation/holdings/@URI","text",1.00
"OAI-PMH/GetRecord/record/metadata/codeBook/stdyDscr/dataAccs/useStmt/contact/@URI","text",1.00
"OAI-PMH/GetRecord/record/metadata/crossref/journal/journal_article/citation_list/citation/doi","doi",22.00
"OAI-PMH/GetRecord/record/metadata/crossref/journal/journal_article/doi_data/resource","doi",1.00
"OAI-PMH/GetRecord/record/metadata/crossref/journal/journal_article/publisher_item/identifier/@id_type","text",1.00
"OAI-PMH/GetRecord/record/metadata/crossref/journal/journal_issue/doi_data/doi","doi",1.00
"OAI-PMH/GetRecord/record/metadata/dc/description","urn",1.00
"OAI-PMH/GetRecord/record/metadata/dc/identifier","urn",1.16
"OAI-PMH/GetRecord/record/metadata/dc/identifier","text",1.10
"OAI-PMH/GetRecord/record/metadata/dc/identifier","doi",1.08
"OAI-PMH/GetRecord/record/metadata/dc/identifier","hdl",1.00
"OAI-PMH/GetRecord/record/metadata/dc/isPartOf","urn",1.01
"OAI-PMH/GetRecord/record/metadata/dc/relation","doi",1.17
"OAI-PMH/GetRecord/record/metadata/dc/relation","urn",1.00
"OAI-PMH/GetRecord/record/metadata/dc/rights","doi",1.50
"OAI-PMH/GetRecord/record/metadata/dc/rights","uuid",1.00
"OAI-PMH/GetRecord/record/metadata/DIDL/Container/Descriptor/Statement/Identifier","urn",1.00
"OAI-PMH/GetRecord/record/metadata/DIDL/Container/Descriptor/Statement/Identifier","doi",1.00
"OAI-PMH/GetRecord/record/metadata/DIDL/Container/@id","uuid",1.00
"OAI-PMH/GetRecord/record/metadata/DIDL/Container/Item/Component/Descriptor/Statement/Admin/digestValue","md5",1.00
"OAI-PMH/GetRecord/record/metadata/DIDL/Container/Item/Component/@id","uuid",3.00
"OAI-PMH/GetRecord/record/metadata/DIDL/Container/Item/Component/Resource/dc/identifier","hdl",1.00
"OAI-PMH/GetRecord/record/metadata/DIDL/Container/Item/@id","uuid",2.00
"OAI-PMH/GetRecord/record/metadata/DIDL/@DIDid","uuid",1.00
"OAI-PMH/GetRecord/record/metadata/DIDL/Item/Component/@id","uuid",3.83
"OAI-PMH/GetRecord/record/metadata/DIDL/Item/Descriptor/Statement/dc/identifier","urn",1.00
"OAI-PMH/GetRecord/record/metadata/DIDL/Item/Descriptor/Statement/dc/identifier","hdl",1.00
"OAI-PMH/GetRecord/record/metadata/DIDL/Item/Descriptor/Statement/Identifier","urn",1.00
"OAI-PMH/GetRecord/record/metadata/DIDL/Item/@id","uuid",1.00
"OAI-PMH/GetRecord/record/metadata/DIF/Data_Set_Citation/Dataset_DOI","doi",1.00
"OAI-PMH/GetRecord/record/metadata/DIF/Data_Set_Citation/Other_Citation_Details","doi",1.00
"OAI-PMH/GetRecord/record/metadata/DIF/Entry_ID","text",1.00
"OAI-PMH/GetRecord/record/metadata/DIF/Reference","doi",3.38
"OAI-PMH/GetRecord/record/metadata/entry/id","urn",1.00
"OAI-PMH/GetRecord/record/metadata/entry/id","uuid",1.00
"OAI-PMH/GetRecord/record/metadata/entry/link/@href","urn",1.00
"OAI-PMH/GetRecord/record/metadata/entry/link/@href","hdl",1.00
"OAI-PMH/GetRecord/record/metadata/identifier","hdl",1.00
"OAI-PMH/GetRecord/record/metadata/item/fileContainer/file/authentication","md5",4.00
"OAI-PMH/GetRecord/record/metadata/item/fileContainer/file/src","md5",4.00
"OAI-PMH/GetRecord/record/metadata/item/@uri","urn",1.00
"OAI-PMH/GetRecord/record/metadata/lido/administrativeMetadata/recordWrap/recordInfoSet/recordInfoID","urn",1.00
"OAI-PMH/GetRecord/record/metadata/lido/administrativeMetadata/resourceWrap/resourceSet/rightsResource/rightsHolder/legalBodyID","hdl",1.00
"OAI-PMH/GetRecord/record/metadata/lido/descriptiveMetadata/objectRelationWrap/relatedWorksWrap/relatedWorkSet/relatedWork/displayObject","cooluri",1.33
"OAI-PMH/GetRecord/record/metadata/MD_Metadata/fileIdentifier/CharacterString","text",1.00
"OAI-PMH/GetRecord/record/metadata/metadata/idinfo/citation/citeinfo/pubinfo/publish","doi",1.60
"OAI-PMH/GetRecord/record/metadata/mets/amdSec/@ID","text",1.00
"OAI-PMH/GetRecord/record/metadata/mets/dmdSec/@ID","text",1.00
"OAI-PMH/GetRecord/record/metadata/mets/dmdSec/mdWrap/xmlData/identifier","hdl",1.00
"OAI-PMH/GetRecord/record/metadata/mets/fileSec/fileGrp/file/@CHECKSUM","md5",4.00
"OAI-PMH/GetRecord/record/metadata/mets/fileSec/fileGrp/file/@ID","text",4.00
"OAI-PMH/GetRecord/record/metadata/olac/hasPart","hdl",4.93
"OAI-PMH/GetRecord/record/metadata/olac/hasVersion","hdl",1.00
"OAI-PMH/GetRecord/record/metadata/olac/identifier","hdl",16.78
"OAI-PMH/GetRecord/record/metadata/olac/identifier","uuid",1.00
"OAI-PMH/GetRecord/record/metadata/olac/identifier","cooluri",1.00
"OAI-PMH/GetRecord/record/metadata/olac/isPartOf","hdl",1.05
"OAI-PMH/GetRecord/record/metadata/olac/isRequiredBy","hdl",1.20
"OAI-PMH/GetRecord/record/metadata/olac/requires","hdl",1.00
"OAI-PMH/GetRecord/record/metadata/RDF/Publication/@about","urn",1.00
"OAI-PMH/GetRecord/record/metadata/RDF/Publication/identifier","hdl",1.00
"OAI-PMH/GetRecord/record/metadata/record/datafield/subfield","doi",2.05
"OAI-PMH/GetRecord/record/metadata/record/datafield/subfield","urn",1.00
"OAI-PMH/GetRecord/record/metadata/record/datafield/subfield","hdl",1.00
"OAI-PMH/GetRecord/record/metadata/record/datafield/subfield","uuid",1.00
"OAI-PMH/Identify/description/oai-identifier/delimiter","text",1.00
"OAI-PMH/Identify/description/oai-identifier/repositoryIdentifier","text",1.02
"OAI-PMH/Identify/description/oai-identifier/sampleIdentifier","urn",1.00
"OAI-PMH/Identify/description/oai-identifier/scheme","text",1.00
"OAI-PMH/ListIdentifiers/header/identifier","urn",258.49
"OAI-PMH/ListIdentifiers/header/setSpec","urn",3.50
"OAI-PMH/ListIdentifiers/resumptionToken","md5",1.00
"OAI-PMH/ListMetadataFormats/metadataFormat/metadataNamespace","urn",1.00
"OAI-PMH/ListRecords/record/header/identifier","urn",45.93
"OAI-PMH/ListRecords/record/header/setSpec","urn",2.60
"OAI-PMH/ListRecords/record/metadata/article/back/ref-list/ref/citation/pub-id","doi",1.00
"OAI-PMH/ListRecords/record/metadata/cdwaliteWrap/cdwalite/administrativeMetadata/recordWrap/recordInfoWrap/recordInfoID","urn",29.50
"OAI-PMH/ListRecords/record/metadata/cdwaliteWrap/cdwalite/administrativeMetadata/resourceWrap/resourceSet/linkResource","md5",101.00
"OAI-PMH/ListRecords/record/metadata/cdwaliteWrap/cdwalite/descriptiveMetadata/descriptiveNoteWrap/descriptiveNoteSet/descriptiveNote","cooluri",1.00
"OAI-PMH/ListRecords/record/metadata/crossref/journal/journal_article/citation_list/citation/@key","doi",1060.00
"OAI-PMH/ListRecords/record/metadata/crossref/journal/journal_article/doi_data/resource","doi",43.00
"OAI-PMH/ListRecords/record/metadata/crossref/journal/journal_issue/doi_data/resource","doi",4.00
"OAI-PMH/ListRecords/record/metadata/crossref/journal/journal_metadata/doi_data/doi","doi",1.00
"OAI-PMH/ListRecords/record/metadata/crossref/journal/journal_metadata/doi_data/resource","doi",1.00
"OAI-PMH/ListRecords/record/metadata/dc/description","hdl",2.00
"OAI-PMH/ListRecords/record/metadata/dc/description","doi",2.00
"OAI-PMH/ListRecords/record/metadata/dc/description","cooluri",1.50
"OAI-PMH/ListRecords/record/metadata/dc/description","urn",1.00
"OAI-PMH/ListRecords/record/metadata/dc/identifier","md5",106.40
"OAI-PMH/ListRecords/record/metadata/dc/identifier","text",49.43
"OAI-PMH/ListRecords/record/metadata/dc/identifier","hdl",32.84
"OAI-PMH/ListRecords/record/metadata/dc/identifier","urn",24.67
"OAI-PMH/ListRecords/record/metadata/dc/identifier","doi",17.94
"OAI-PMH/ListRecords/record/metadata/dc/identifier","uuid",7.25
"OAI-PMH/ListRecords/record/metadata/dc/identifier/@pepsIdentifier","text",89.00
"OAI-PMH/ListRecords/record/metadata/dc/relation","doi",63.27
"OAI-PMH/ListRecords/record/metadata/dc/relation","urn",16.00
"OAI-PMH/ListRecords/record/metadata/dc/relation","uuid",1.00
"OAI-PMH/ListRecords/record/metadata/dc/rights","doi",3.75
"OAI-PMH/ListRecords/record/metadata/dc/source","doi",28.50
"OAI-PMH/ListRecords/record/metadata/dc/source","uuid",2.00
"OAI-PMH/ListRecords/record/metadata/dc/source","urn",2.00
"OAI-PMH/ListRecords/record/metadata/dc/title","doi",2.00
"OAI-PMH/ListRecords/record/metadata/DIDL/Item/Descriptor/Statement/dc/identifier","hdl",100.00
"OAI-PMH/ListRecords/record/metadata/DIDL/Item/Descriptor/Statement/dc/identifier","text",4.00
"OAI-PMH/ListRecords/record/metadata/DIDL/Item/Descriptor/Statement/dc/identifier","doi",2.00
"OAI-PMH/ListRecords/record/metadata/DIDL/Item/Descriptor/Statement/Identifier","urn",149.50
"OAI-PMH/ListRecords/record/metadata/DIDL/Item/Item/Component/Resource/mods/extension/daiList/identifier/@authority","text",1.00
"OAI-PMH/ListRecords/record/metadata/DIDL/Item/Item/Component/Resource/mods/extension/daiList/identifier/@IDref","text",250.50
"OAI-PMH/ListRecords/record/metadata/DIDL/Item/Item/Component/Resource/mods/identifier","doi",21.00
"OAI-PMH/ListRecords/record/metadata/DIDL/Item/Item/Component/Resource/mods/identifier","urn",20.00
"OAI-PMH/ListRecords/record/metadata/DIDL/Item/Item/Component/Resource/mods/name/@ID","text",261.50
"OAI-PMH/ListRecords/record/metadata/DIDL/Item/Item/Component/Resource/mods/relatedItem/identifier","urn",78.00
"OAI-PMH/ListRecords/record/metadata/dim/field","md5",253.00
"OAI-PMH/ListRecords/record/metadata/dim/field","hdl",100.00
"OAI-PMH/ListRecords/record/metadata/dim/field","doi",2.00
"OAI-PMH/ListRecords/record/metadata/entry/link/@href","hdl",100.00
"OAI-PMH/ListRecords/record/metadata/entry/triples/Description/@about","hdl",200.00
"OAI-PMH/ListRecords/record/metadata/epicur/record/identifier","urn",75.00
"OAI-PMH/ListRecords/record/metadata/epicur/record/identifier/@scheme","urn",1.00
"OAI-PMH/ListRecords/record/metadata/epicur/record/resource/identifier/@role","text",1.00
"OAI-PMH/ListRecords/record/metadata/epicur/record/resource/identifier/@scheme","text",1.00
"OAI-PMH/ListRecords/record/metadata/identifier","hdl",98.00
"OAI-PMH/ListRecords/record/metadata/identifier","doi",2.00
"OAI-PMH/ListRecords/record/metadata/junii2/URI","hdl",100.00
"OAI-PMH/ListRecords/record/metadata/metadata/element/element/element/element/field","md5",200.00
"OAI-PMH/ListRecords/record/metadata/metadata/element/element/element/element/field","hdl",100.00
"OAI-PMH/ListRecords/record/metadata/metadata/element/field","urn",100.00
"OAI-PMH/ListRecords/record/metadata/mets/amdSec/@ID","text",68.00
"OAI-PMH/ListRecords/record/metadata/mets/dmdSec/@ID","text",26.33
"OAI-PMH/ListRecords/record/metadata/mets/dmdSec/mdWrap/xmlData/description","cooluri",1.00
"OAI-PMH/ListRecords/record/metadata/mets/dmdSec/mdWrap/xmlData/identifier","hdl",68.00
"OAI-PMH/ListRecords/record/metadata/mets/fileSec/fileGrp/file/@CHECKSUM","md5",46.50
"OAI-PMH/ListRecords/record/metadata/mets/fileSec/fileGrp/file/FLocat/@href","md5",13.00
"OAI-PMH/ListRecords/record/metadata/mets/fileSec/fileGrp/file/@ID","text",42.67
"OAI-PMH/ListRecords/record/metadata/mets/structMap/div/div/@ID","text",1.00
"OAI-PMH/ListRecords/record/metadata/mets/structMap/div/@ID","text",1.00
"OAI-PMH/ListRecords/record/metadata/mods/identifier","hdl",100.00
"OAI-PMH/ListRecords/record/metadata/mods/identifier","doi",49.00
"OAI-PMH/ListRecords/record/metadata/oai_datacite/payload/resource/alternateIdentifiers/alternateIdentifier","urn",1.00
"OAI-PMH/ListRecords/record/metadata/oai_datacite/payload/resource/alternateIdentifiers/alternateIdentifier","doi",1.00
"OAI-PMH/ListRecords/record/metadata/oai_datacite/payload/resource/identifier","doi",20.50
"OAI-PMH/ListRecords/record/metadata/oai_datacite/payload/resource/identifier/@identifierType","text",1.00
"OAI-PMH/ListRecords/record/metadata/ProPrint/Metadata/DCTERMS.Identifier","urn",50.00
"OAI-PMH/ListRecords/record/metadata/RDF/Publication/@about","urn",100.00
"OAI-PMH/ListRecords/record/metadata/RDF/Publication/identifier","hdl",100.00
"OAI-PMH/ListRecords/record/metadata/record/isShownAt","hdl",100.00
"OAI-PMH/ListRecords/record/metadata/Resource/curation/creator/logo","md5",1.00
"OAI-PMH/ListRecords/record/metadata/rfc1807/other_access","urn",66.00
"OAI-PMH/ListRecords/record/metadata/thesis/identifier","hdl",100.00
"OAI-PMH/ListRecords/record/metadata/uketddc/checksum","md5",293.50
"OAI-PMH/ListRecords/record/metadata/uketddc/identifier","text",174.33
"OAI-PMH/ListRecords/record/metadata/uketddc/identifier","hdl",99.33
"OAI-PMH/ListRecords/record/metadata/uketddc/identifier","doi",49.00
"OAI-PMH/ListRecords/record/metadata/uketddc/relation","urn",20.00
"OAI-PMH/ListRecords/record/metadata/xMetaDiss/identifier","urn",38.00
"OAI-PMH/ListRecords/resumptionToken","md5",1.00
"OAI-PMH/request","uuid",1.00
"OAI-PMH/request/@identifier","urn",1.00
"OAI-PMH/request/@set","urn",1.00
"SensorML/member/System/identification/IdentifierList/identifier/@name","text",6.00
"SensorML/member/System/identification/IdentifierList/identifier/Term/@definition","urn",5.00
"SensorML/member/System/identification/IdentifierList/identifier/Term/value","text",3.00
"SensorML/member/System/identification/IdentifierList/identifier/Term/value","urn",1.00
"SensorML/member/System/outputs/OutputList/output/DataArray/elementType/DataRecord/field/Quantity/@definition","urn",4.00
"SensorML/member/System/outputs/OutputList/output/DataArray/elementType/DataRecord/field/Time/@definition","urn",1.00
"WCS_Capabilities/Capability/Request/GetCoverage/DCPType/HTTP/Post/OnlineResource/@href","cooluri",1.00
"WFS_Capabilities/Capability/Request/GetFeature/DCPType/HTTP/Post/@onlineResource","cooluri",1.00
"WFS_Capabilities/FeatureTypeList/FeatureType/Abstract","doi",8.00
"WFS_Capabilities/FeatureTypeList/FeatureType/MetadataURL","md5",1.00
"WFS_Capabilities/FeatureTypeList/FeatureType/MetadataURL","uuid",1.00
"WFS_Capabilities/ServiceIdentification/Abstract","md5",1.00
"WMS_Capabilities/Capability/ExtendedCapabilities/MetadataUrl/URL","uuid",1.00
"WMS_Capabilities/Capability/Layer/Abstract","uuid",1.00
"WMS_Capabilities/Capability/Layer/Layer/Abstract","md5",1.72
"WMS_Capabilities/Capability/Layer/Layer/Abstract","urn",1.00
"WMS_Capabilities/Capability/Layer/Layer/Layer/Layer/Layer/Layer/Name","text",21.00
"WMS_Capabilities/Capability/Layer/Layer/Layer/Layer/Layer/Name","text",29.63
"WMS_Capabilities/Capability/Layer/Layer/Layer/Layer/Name","text",21.55
"WMS_Capabilities/Capability/Layer/Layer/Layer/Name","text",8.59
"WMS_Capabilities/Capability/Layer/Layer/Layer/Title","cooluri",1.00
"WMS_Capabilities/Capability/Layer/Layer/MetadataURL/OnlineResource/@href","uuid",1.67
"WMS_Capabilities/Capability/Layer/Layer/MetadataURL/OnlineResource/@href","md5",1.11
"WMS_Capabilities/Capability/Layer/Layer/Name","text",6.93
"WMS_Capabilities/Capability/Layer/MetadataURL/OnlineResource/@href","uuid",1.00
"WMS_Capabilities/Capability/Layer/Name","text",1.00
"WMS_Capabilities/Layer/Layer/Name","text",2.00
"WMS_Capabilities/Layer/Name","text",2.00
"WMS_Capabilities/OnlineResource/@href","uuid",1.00
"WMS_Capabilities/Service/Abstract","uuid",1.00
"WMS_Capabilities/Service/Layer/Layer/Name","text",2.00
"WMS_Capabilities/Service/Layer/Name","text",4.00
"WMT_MS_Capabilities/Capability/Layer/Layer/Layer/Name","text",6.15
"WMT_MS_Capabilities/Capability/Layer/Layer/MetadataURL/OnlineResource/@href","uuid",1.00
"WMT_MS_Capabilities/Capability/Layer/Layer/Name","text",22.47
"WMT_MS_Capabilities/Capability/Layer/Layer/Style/LegendURL/OnlineResource/@href","uuid",1.00
"WMT_MS_Capabilities/Capability/Layer/Layer/Style/LegendURL/OnlineResource/@href","cooluri",1.00
"WMT_MS_Capabilities/Capability/Layer/Name","text",1.00
"WMT_MS_Capabilities/Capability/Request/FeatureInfo/DCPType/HTTP/Post/@onlineResource","cooluri",1.00
"WMT_MS_Capabilities/Capability/Request/GetStyles/DCPType/HTTP/Post/OnlineResource/@href","cooluri",1.00
